1,mesh\bird0101.vgt(N)
2,mesh\water5.vgt(A)
3,mesh\water1.vgt(N)
4,mesh\water2.vgt(N)
5,mesh\multi01.vgt(N)
6,mesh\multi02.vgt(N)
7,mesh\multi03.vgt(N)
8,mesh\multi04.vgt(N)
9,mesh\water3.vgt(A)
10,mesh\water4.vgt(N)
11,mesh\water6.vgt(A)
12,mesh\cas001.vgt(N)
13,mesh\cas002.vgt(N)
14,mesh\cas003.vgt(N)
15,mesh\cas004.vgt(N)
16,mesh\cas005.vgt(N)
17,mesh\cas006.vgt(N)
18,mesh\cas007.vgt(N)
19,mesh\cas008.vgt(N)
20,mesh\hs0001.vgt(N)
21,mesh\hs0002.vgt(N)
22,mesh\hs0003.vgt(N)
23,mesh\hs0004.vgt(N)
24,mesh\hs0005.vgt(N)
25,mesh\hs0006.vgt(N)
26,mesh\hs0007.vgt(N)
27,mesh\hs0008.vgt(N)
28,mesh\hs0009.vgt(N)
29,mesh\hs0010.vgt(N)
30,mesh\hs0011.vgt(N)
31,mesh\hs0012.vgt(N)
32,mesh\hs0013.vgt(N)
33,mesh\hs0014.vgt(N)
34,mesh\hs0015.vgt(N)
35,mesh\hs0016.vgt(N)
36,mesh\hs0017.vgt(N)
37,mesh\hs0018.vgt(N)
38,mesh\hs0019.vgt(N)
39,mesh\hs0020.vgt(N)
40,mesh\hs0021.vgt(N)
41,mesh\hs0022.vgt(N)
42,mesh\hs0023.vgt(N)
43,mesh\hs0024.vgt(N)
44,mesh\hs0026.vgt(N)
45,mesh\hs0027.vgt(N)
46,mesh\hs0028.vgt(N)
47,mesh\hs0029.vgt(N)
48,mesh\hs0030.vgt(N)
49,mesh\hs0031.vgt(N)
50,mesh\hs0032.vgt(N)
51,mesh\hs0033.vgt(N)
52,mesh\hs0034.vgt(N)
53,mesh\hs0035.vgt(N)
54,mesh\hs0036.vgt(A)
55,mesh\hs0037.vgt(N)
56,mesh\hs0038.vgt(N)
57,mesh\hs0039.vgt(N)
58,mesh\hs0040.vgt(A)
59,mesh\hs0041.vgt(N)
60,mesh\hs0042.vgt(N)
61,mesh\hs0043.vgt(N)
62,mesh\hs0044.vgt(A)
63,mesh\hs0045.vgt(N)
64,mesh\hs0046.vgt(N)
65,mesh\hs0047.vgt(N)
66,mesh\hs0048.vgt(N)
67,mesh\hs0049.vgt(N)
68,mesh\hs0050.vgt(N)
69,mesh\hs0067.vgt(N)
70,mesh\hs0069.vgt(N)
71,mesh\hs0070.vgt(N)
72,mesh\hs0051.vgt(N)
73,mesh\hs0052.vgt(N)
74,mesh\hs0053.vgt(A)
75,mesh\hs0054.vgt(A)
76,mesh\hs0055.vgt(A)
77,mesh\hs0056.vgt(N)
78,mesh\hs0057.vgt(N)
79,mesh\hs0058.vgt(N)
80,mesh\hs0059.vgt(N)
81,mesh\hs0060.vgt(N)
82,mesh\hs0061.vgt(N)
83,mesh\hs0062.vgt(N)
84,mesh\hs0063.vgt(N)
85,mesh\hs0064.vgt(N)
86,mesh\hs0065.vgt(N)
87,mesh\hs0066.vgt(A)
88,mesh\hs0201.vgt(N)
89,mesh\hs0202.vgt(N)
90,mesh\hs0203.vgt(N)
91,mesh\hs0204.vgt(N)
92,mesh\hs0205.vgt(N)
93,mesh\hs0206.vgt(N)
94,mesh\hs0207.vgt(N)
95,mesh\hs0208.vgt(N)
96,mesh\hs0209.vgt(N)
97,mesh\hs0210.vgt(N)
98,mesh\hs0211.vgt(N)
99,mesh\hs0212.vgt(N)
100,mesh\hs0213.vgt(N)
101,mesh\hs0214.vgt(N)
102,mesh\hs0215.vgt(N)
103,mesh\hs0216.vgt(N)
104,mesh\hs0217.vgt(N)
105,mesh\hs0218.vgt(N)
106,mesh\hs0219.vgt(N)
107,mesh\hs0221.vgt(N)
108,mesh\hs0222.vgt(N)
109,mesh\hs0223.vgt(N)
110,mesh\hs0224.vgt(N)
111,mesh\hs0225.vgt(N)
112,mesh\hs0226.vgt(N)
113,mesh\hs0227.vgt(N)
114,mesh\hs0228.vgt(N)
115,mesh\hs0229.vgt(N)
116,mesh\hs0230.vgt(N)
117,mesh\hs0231.vgt(N)
118,mesh\hs0233.vgt(N)
119,mesh\hs0234.vgt(N)
120,mesh\hs0235.vgt(N)
121,mesh\hs0236.vgt(N)
122,mesh\hs0237.vgt(N)
123,mesh\hs0238.vgt(N)
124,mesh\hillbox.vgt(N)
125,mesh\wh010101.vgt(N)
126,mesh\hy010101.vgt(N)
127,mesh\hs0239.vgt(N)
128,mesh\hs0240.vgt(N)
129,mesh\hs0241.vgt(N)
130,mesh\cawand.vgt(N)
131,mesh\cb010101.vgt(C)
132,mesh\ti010101.vgt(C)
133,mesh\sh010101.vgt(A)
134,mesh\sh010102.vgt(A)
135,mesh\sh010103.vgt(A)
136,mesh\ship01.vgt(N)
137,mesh\ship02.vgt(N)
138,mesh\ship03.vgt(N)
139,mesh\dun001.vgt(N)
140,mesh\dun002.vgt(N)
141,mesh\dun003.vgt(N)
142,mesh\dun004.vgt(N)
143,mesh\dun005.vgt(N)
144,mesh\dun006.vgt(N)
145,mesh\dun007.vgt(N)
146,mesh\dun008.vgt(N)
147,mesh\dun009.vgt(N)
148,mesh\dun010.vgt(N)
149,mesh\dun011.vgt(N)
150,mesh\dun012.vgt(N)
151,mesh\dston1.vgt(N)
152,mesh\ds0001.vgt(N)
153,mesh\ds0002.vgt(N)
154,mesh\ds0003.vgt(N)
155,mesh\tomb01.vgt(N)
156,mesh\tomb02.vgt(N)
157,mesh\dun013.vgt(N)
158,mesh\dsea01.vgt(N)
159,mesh\dsea03.vgt(N)
160,mesh\carpet.vgt(N)
161,mesh\kwal01.vgt(N)
162,mesh\kwal02.vgt(N)
163,mesh\hs010101.vgt(N)
164,mesh\hs010102.vgt(N)
165,mesh\hs010302.vgt(N)
166,mesh\hs010303.vgt(N)
167,mesh\hs010304.vgt(N)
168,mesh\hs010305.vgt(N)
169,mesh\hs010306.vgt(N)
170,mesh\wind01.vgt(N)
171,mesh\ksob01.vgt(N)
172,mesh\ksob02.vgt(N)
173,mesh\ksob03.vgt(N)
174,mesh\ksob04.vgt(N)
175,mesh\ksob05.vgt(N)
176,mesh\ksob06.vgt(N)
177,mesh\ksob07.vgt(N)
178,mesh\ksob08.vgt(N)
179,mesh\ksob09.vgt(N)
180,mesh\ksob10.vgt(N)
181,mesh\ksob11.vgt(N)
182,mesh\ksob12.vgt(N)
183,mesh\ksob13.vgt(N)
184,mesh\ksob14.vgt(N)
185,mesh\ksob15.vgt(A)
186,mesh\ksob16.vgt(N)
187,mesh\ksob17.vgt(N)
188,mesh\ksob18.vgt(A)
189,mesh\ksob19.vgt(N)
190,mesh\ksob20.vgt(N)
191,mesh\ksob21.vgt(N)
192,mesh\ksob22.vgt(N)
193,mesh\ksob23.vgt(N)
194,mesh\ksob24.vgt(N)
195,mesh\kswa01.vgt(N)
196,mesh\kswa02.vgt(N)
197,mesh\kswa03.vgt(N)
198,mesh\kswa04.vgt(N)
199,mesh\kswa05.vgt(N)
200,mesh\kswa06.vgt(N)
201,mesh\kswa07.vgt(N)
202,mesh\kswa08.vgt(N)
203,mesh\kswa09.vgt(N)
204,mesh\ks0001.vgt(N)
205,mesh\ks0002.vgt(N)
206,mesh\ks0003.vgt(N)
207,mesh\ks0004.vgt(N)
208,mesh\ks0005.vgt(N)
209,mesh\ksob25.vgt(N)
210,mesh\ksob26.vgt(N)
211,mesh\ksob27.vgt(N)
212,mesh\ksob28.vgt(N)
213,mesh\ksob29.vgt(N)
214,mesh\ksob30.vgt(N)
215,mesh\ksob31.vgt(N)
216,mesh\ksob32.vgt(A)
217,mesh\ksob33.vgt(A)
218,mesh\rh010101.vgt(C)
219,mesh\wydx01.vgt(N)
220,mesh\wydx02.vgt(N)
221,mesh\wydx03.vgt(N)
222,mesh\wydx04.vgt(N)
223,mesh\hs010107.vgt(A)
224,mesh\hs010307.vgt(N)
225,mesh\meal11.vgt(N)
226,mesh\meal12.vgt(N)
227,mesh\meal13.vgt(N)
228,mesh\meal14.vgt(N)
229,mesh\jwal01.vgt(N)
230,mesh\jwal02.vgt(N)
231,mesh\junsin.vgt(A)
232,mesh\tower1.vgt(N)
233,mesh\tower2.vgt(N)
234,mesh\tower3.vgt(N)
235,mesh\aef001.vgt(N)
236,mesh\aef002.vgt(N)
237,mesh\aef003.vgt(N)
238,mesh\aef004.vgt(N)
239,mesh\aef005.vgt(N)
240,mesh\aef006.vgt(N)
241,mesh\aef007.vgt(N)
242,mesh\ahs006.vgt(N)
243,mesh\sea002.vgt(N)
244,mesh\aef008.vgt(N)
245,mesh\sele01.vgt(N)
246,mesh\sele02.vgt(N)
247,mesh\sele03.vgt(N)
248,mesh\sele04.vgt(N)
249,mesh\sele05.vgt(N)
250,mesh\sele06.vgt(N)
251,mesh\sele07.vgt(N)
252,mesh\sele08.vgt(N)
253,mesh\sele09.vgt(N)
254,mesh\sele10.vgt(N)
255,mesh\sele11.vgt(N)
256,mesh\sele12.vgt(N)
257,mesh\sele13.vgt(N)
258,mesh\sele14.vgt(N)
259,mesh\sele15.vgt(N)
260,mesh\aef009.vgt(N)
261,mesh\aef010.vgt(N)
262,mesh\aef011.vgt(N)
263,mesh\aef012.vgt(N)
264,mesh\aef013.vgt(N)
265,mesh\cazi01.vgt(N)
266,mesh\cazi02.vgt(N)
267,mesh\cazi03.vgt(N)
268,mesh\cazi04.vgt(A)
269,mesh\cazi05.vgt(A)
270,mesh\cazi06.vgt(N)
271,mesh\cazi07.vgt(N)
272,mesh\cazi08.vgt(N)
273,mesh\cazi09.vgt(N)
274,mesh\cazi10.vgt(N)
275,mesh\cazi11.vgt(A)
276,mesh\cazi12.vgt(N)
277,mesh\cazi13.vgt(N)
278,mesh\cazi14.vgt(N)
279,mesh\cazi15.vgt(N)
280,mesh\cazi16.vgt(A)
281,mesh\cazi17.vgt(N)
282,mesh\win001.vgt(N)
283,mesh\win002.vgt(N)
284,mesh\win003.vgt(N)
285,mesh\win004.vgt(A)
286,mesh\win005.vgt(N)
287,mesh\win006.vgt(N)
288,mesh\win007.vgt(N)
289,mesh\win008.vgt(N)
290,mesh\win009.vgt(N)
291,mesh\win010.vgt(N)
292,mesh\win011.vgt(N)
293,mesh\win012.vgt(A)
294,mesh\win013.vgt(A)
295,mesh\win014.vgt(A)
296,mesh\win015.vgt(A)
297,mesh\win016.vgt(A)
298,mesh\win017.vgt(A)
299,mesh\win018.vgt(N)
300,mesh\win019.vgt(N)
301,mesh\win020.vgt(N)
302,mesh\win021.vgt(N)
303,mesh\win022.vgt(N)
304,mesh\win023.vgt(N)
305,mesh\win024.vgt(A)
306,mesh\win026.vgt(A)
307,mesh\lf010110.vgt(A)
308,mesh\win027.vgt(A)
309,mesh\win028.vgt(N)
310,mesh\win029.vgt(N)
311,mesh\win030.vgt(N)
312,mesh\win031.vgt(N)
313,mesh\win032.vgt(N)
314,mesh\win033.vgt(N)
315,mesh\win034.vgt(N)
316,mesh\win036.vgt(N)
317,mesh\win037.vgt(A)
318,mesh\win038.vgt(N)
319,mesh\win039.vgt(A)
320,mesh\sship1.vgt(N)
321,mesh\sship2.vgt(A)
322,mesh\cbt001.vgt(A)
323,mesh\cbt002.vgt(A)
324,mesh\cbt003.vgt(N)
325,mesh\cbt004.vgt(A)
326,mesh\cbt005.vgt(N)
327,mesh\cbt006.vgt(A)
328,mesh\cbt007.vgt(N)
329,mesh\cbt008.vgt(A)
330,mesh\cbt009.vgt(N)
331,mesh\cbt010.vgt(N)
332,mesh\cbt011.vgt(A)
333,mesh\cbt012.vgt(A)
334,mesh\ch0101118.vgt(C)
335,mesh\ch0102118.vgt(C)
336,mesh\ch0103118.vgt(C)
337,mesh\ch0104118.vgt(C)
338,mesh\ch0105118.vgt(C)
339,mesh\ch0106118.vgt(C)
340,mesh\fr010101.vgt(A)
341,mesh\dr010110.vgt(C)
342,mesh\hr020101.vgt(A)
343,mesh\KK010104.vgt(N)
344,mesh\ch020259.vgt(C)
345,mesh\ch0101121.vgt(A)
346,mesh\ch010237.vgt(C)
347,mesh\ch020217.vgt(C)
348,mesh\ch020157.vgt(A)
349,mesh\ch020257.vgt(A)
350,mesh\ch020137.vgt(N)
351,mesh\ch010131.vgt(N)
352,mesh\ch010259.vgt(C)
353,mesh\ch010279.vgt(C)
354,mesh\ch020279.vgt(C)
355,mesh\ch020941.vgt(A)
356,mesh\ch0101115.vgt(A)
357,mesh\ch020189.vgt(A)
358,mesh\ch010189.vgt(A)
359,mesh\ch010194.vgt(A)
360,mesh\ch020190.vgt(N)
361,mesh\ch0101116.vgt(A)
362,mesh\ch020196.vgt(A)
363,mesh\ch0101117.vgt(C)
364,mesh\ch020194.vgt(A)
365,mesh\ch020195.vgt(C)
366,mesh\ch0101119.vgt(A)
367,mesh\hs010130.vgt(C)
368,mesh\hs010330.vgt(C)
369,mesh\be010107.vgt(C)
370,mesh\be010108.vgt(C)
371,mesh\zb040101.vgt(C)
372,mesh\LK010301.vgt(C)
373,mesh\hs010131.vgt(C)
374,mesh\hs010331.vgt(C)
375,mesh\ch0201101.vgt(C)
376,mesh\li010101.vgt(C)
377,mesh\li010201.vgt(A)
378,mesh\li010102.vgt(C)
379,mesh\li010202.vgt(A)
380,mesh\fx010101.vgt(C)
381,mesh\w001.vgt(N)
382,mesh\dg030101.vgt(C)
383,mesh\ch0101122.vgt(C)
384,mesh\fx010102.vgt(C)
385,mesh\fx010103.vgt(C)
386,mesh\fx010104.vgt(C)
387,mesh\crystal01.vgt(N)
388,mesh\charsele.vgt(N)
389,mesh\charsele2.vgt(A)
390,mesh\charsele3.vgt(A)
391,mesh\ch0101123.vgt(C)
392,mesh\ch0101124.vgt(C)
393,mesh\hs010132.vgt(A)
394,mesh\ch0101125.vgt(A)
395,mesh\hs010132.vgt(A)
396,mesh\hs010133.vgt(A)
397,mesh\hs010134.vgt(A)
398,mesh\hs010135.vgt(A)
399,mesh\fx010201.vgt(C)
400,mesh\sk010101.vgt(C)
401,mesh\ch010101.vgt(N)
402,mesh\ch010201.vgt(A)
403,mesh\ch010301.vgt(N)
404,mesh\ch010401.vgt(C)
405,mesh\ch010501.vgt(C)
406,mesh\ch010601.vgt(N)
407,mesh\ch010219.vgt(A)
408,mesh\ch010239.vgt(A)
409,mesh\ch020219.vgt(A)
410,mesh\ch020239.vgt(N)
411,mesh\ch010202.vgt(C)
412,mesh\ch010302.vgt(C)
413,mesh\ch010402.vgt(C)
414,mesh\ch010502.vgt(C)
415,mesh\ch010602.vgt(C)
416,mesh\ch010214.vgt(N)
417,mesh\ch010141.vgt(N)
418,mesh\ch010241.vgt(C)
419,mesh\ch010341.vgt(N)
420,mesh\ch010441.vgt(N)
421,mesh\ch010203.vgt(C)
422,mesh\ch010303.vgt(C)
423,mesh\ch010403.vgt(C)
424,mesh\ch010503.vgt(C)
425,mesh\ch010603.vgt(C)
426,mesh\ch010541.vgt(N)
427,mesh\ch010641.vgt(N)
428,mesh\ch010161.vgt(N)
429,mesh\ch010261.vgt(C)
430,mesh\ch010361.vgt(N)
431,mesh\ch010204.vgt(C)
432,mesh\ch010304.vgt(C)
433,mesh\ch010404.vgt(C)
434,mesh\ch010504.vgt(C)
435,mesh\ch010604.vgt(C)
436,mesh\ch010461.vgt(N)
437,mesh\ch010561.vgt(N)
438,mesh\ch010661.vgt(N)
439,mesh\ch020141.vgt(N)
440,mesh\ch020241.vgt(C)
441,mesh\ch010205.vgt(C)
442,mesh\ch010305.vgt(C)
443,mesh\ch010405.vgt(C)
444,mesh\ch010505.vgt(C)
445,mesh\ch010605.vgt(C)
446,mesh\ch020341.vgt(N)
447,mesh\ch020441.vgt(N)
448,mesh\ch020541.vgt(N)
449,mesh\ch020641.vgt(N)
450,mesh\ch020101.vgt(N)
451,mesh\ch020201.vgt(A)
452,mesh\ch020301.vgt(N)
453,mesh\ch020401.vgt(N)
454,mesh\ch020501.vgt(C)
455,mesh\ch020601.vgt(C)
456,mesh\ch020161.vgt(A)
457,mesh\ch020261.vgt(C)
458,mesh\ch020361.vgt(A)
459,mesh\ch020461.vgt(A)
460,mesh\ch020561.vgt(A)
461,mesh\ch020202.vgt(C)
462,mesh\ch020302.vgt(C)
463,mesh\ch020402.vgt(C)
464,mesh\ch020502.vgt(C)
465,mesh\ch020602.vgt(C)
466,mesh\ch020661.vgt(N)
467,mesh\ch010342.vgt(C)
468,mesh\ch010442.vgt(C)
469,mesh\ch010542.vgt(C)
470,mesh\ch010642.vgt(C)
471,mesh\ch020203.vgt(C)
472,mesh\ch020303.vgt(C)
473,mesh\ch020403.vgt(C)
474,mesh\ch020503.vgt(C)
475,mesh\ch020603.vgt(C)
476,mesh\ch010362.vgt(C)
477,mesh\ch010462.vgt(C)
478,mesh\ch010562.vgt(C)
479,mesh\ch010662.vgt(C)
480,mesh\ch020342.vgt(C)
481,mesh\ch020204.vgt(C)
482,mesh\ch020304.vgt(C)
483,mesh\ch020404.vgt(C)
484,mesh\ch020504.vgt(C)
485,mesh\ch020604.vgt(C)
486,mesh\to010101.vgt(N)
487,mesh\to010201.vgt(N)
488,mesh\ch020442.vgt(C)
489,mesh\ch020542.vgt(C)
490,mesh\ch020642.vgt(C)
491,mesh\ch020205.vgt(C)
492,mesh\ch020305.vgt(C)
493,mesh\ch020405.vgt(C)
494,mesh\ch020505.vgt(C)
495,mesh\ch020605.vgt(C)
496,mesh\ch020362.vgt(C)
497,mesh\ch020462.vgt(C)
498,mesh\ch020562.vgt(C)
499,mesh\ch020662.vgt(C)
500,mesh\ch010206.vgt(C)
501,mesh\ch010107.vgt(N)
502,mesh\ch010108.vgt(N)
503,mesh\ch010207.vgt(N)
504,mesh\ch010208.vgt(A)
505,mesh\ch010209.vgt(N)
506,mesh\ch010306.vgt(C)
507,mesh\ch010307.vgt(N)
508,mesh\ch010308.vgt(N)
509,mesh\ch010309.vgt(N)
510,mesh\ch010406.vgt(C)
511,mesh\ch010407.vgt(N)
512,mesh\ch010408.vgt(N)
513,mesh\ch010506.vgt(C)
514,mesh\ch010507.vgt(C)
515,mesh\ch010508.vgt(N)
516,mesh\ch010606.vgt(C)
517,mesh\ch010607.vgt(N)
518,mesh\ch010608.vgt(N)
519,mesh\ch010210.vgt(N)
520,mesh\ch010310.vgt(N)
521,mesh\ch010410.vgt(N)
522,mesh\ch010510.vgt(N)
523,mesh\ch010610.vgt(N)
524,mesh\ch020206.vgt(C)
525,mesh\ch020306.vgt(C)
526,mesh\ch020406.vgt(C)
527,mesh\ch020506.vgt(C)
528,mesh\ch020606.vgt(C)
529,mesh\ch020207.vgt(C)
530,mesh\ch020307.vgt(C)
531,mesh\ch020407.vgt(C)
532,mesh\ch020507.vgt(C)
533,mesh\ch020607.vgt(C)
534,mesh\ch020108.vgt(N)
535,mesh\ch020208.vgt(N)
536,mesh\ch010211.vgt(C)
537,mesh\ch010311.vgt(C)
538,mesh\ch010411.vgt(C)
539,mesh\ch010511.vgt(C)
540,mesh\ch010611.vgt(C)
541,mesh\ch010121.vgt(C)
542,mesh\ch010221.vgt(C)
543,mesh\ch010321.vgt(C)
544,mesh\ch010421.vgt(C)
545,mesh\ch010521.vgt(C)
546,mesh\ch010621.vgt(C)
547,mesh\ch010222.vgt(C)
548,mesh\ch010322.vgt(C)
549,mesh\ch010422.vgt(C)
550,mesh\ch010522.vgt(C)
551,mesh\ch010622.vgt(C)
552,mesh\ch010223.vgt(C)
553,mesh\ch010323.vgt(C)
554,mesh\ch010423.vgt(C)
555,mesh\ch010523.vgt(C)
556,mesh\ch010623.vgt(C)
557,mesh\ch010224.vgt(C)
558,mesh\ch010324.vgt(C)
559,mesh\ch010424.vgt(C)
560,mesh\ch010524.vgt(C)
561,mesh\ch010624.vgt(C)
562,mesh\ch010225.vgt(C)
563,mesh\ch010325.vgt(C)
564,mesh\ch010425.vgt(C)
565,mesh\ch010525.vgt(C)
566,mesh\ch010625.vgt(C)
567,mesh\ch010226.vgt(C)
568,mesh\ch010326.vgt(C)
569,mesh\ch010426.vgt(C)
570,mesh\ch010526.vgt(C)
571,mesh\ch010626.vgt(C)
572,mesh\ch010227.vgt(C)
573,mesh\ch010327.vgt(C)
574,mesh\ch010427.vgt(C)
575,mesh\ch010527.vgt(C)
576,mesh\ch010627.vgt(C)
577,mesh\ch010128.vgt(C)
578,mesh\ch010228.vgt(C)
579,mesh\ch010328.vgt(C)
580,mesh\ch010428.vgt(C)
581,mesh\ch010528.vgt(C)
582,mesh\ch010628.vgt(C)
583,mesh\ch010129.vgt(C)
584,mesh\ch010229.vgt(C)
585,mesh\ch010429.vgt(C)
586,mesh\ch020109.vgt(C)
587,mesh\ch020209.vgt(C)
588,mesh\ch020309.vgt(C)
589,mesh\ch020409.vgt(C)
590,mesh\ch020509.vgt(C)
591,mesh\ch020609.vgt(C)
592,mesh\ch020110.vgt(C)
593,mesh\ch020210.vgt(C)
594,mesh\ch020310.vgt(C)
595,mesh\ch020410.vgt(C)
596,mesh\ch020510.vgt(C)
597,mesh\ch020610.vgt(C)
598,mesh\ch020111.vgt(C)
599,mesh\ch020211.vgt(C)
600,mesh\ch020311.vgt(C)
601,mesh\ch020411.vgt(C)
602,mesh\ch020511.vgt(C)
603,mesh\ch020611.vgt(C)
604,mesh\ch010212.vgt(C)
605,mesh\ch010312.vgt(C)
606,mesh\ch010412.vgt(C)
607,mesh\ch010512.vgt(C)
608,mesh\ch010612.vgt(C)
609,mesh\ch020121.vgt(C)
610,mesh\ch020221.vgt(C)
611,mesh\ch020321.vgt(C)
612,mesh\ch020421.vgt(C)
613,mesh\ch020521.vgt(C)
614,mesh\ch020621.vgt(C)
615,mesh\ch020222.vgt(C)
616,mesh\ch020322.vgt(C)
617,mesh\ch020422.vgt(C)
618,mesh\ch020522.vgt(C)
619,mesh\ch020622.vgt(C)
620,mesh\ch020223.vgt(C)
621,mesh\ch020323.vgt(C)
622,mesh\ch020423.vgt(C)
623,mesh\ch020523.vgt(C)
624,mesh\ch020623.vgt(C)
625,mesh\ch020224.vgt(C)
626,mesh\ch020324.vgt(C)
627,mesh\ch020424.vgt(C)
628,mesh\ch020524.vgt(C)
629,mesh\ch020624.vgt(C)
630,mesh\ch020225.vgt(C)
631,mesh\ch020325.vgt(C)
632,mesh\ch020425.vgt(C)
633,mesh\ch020525.vgt(C)
634,mesh\ch020625.vgt(C)
635,mesh\ch010113.vgt(C)
636,mesh\ch010313.vgt(C)
637,mesh\ch010413.vgt(C)
638,mesh\ch010513.vgt(C)
639,mesh\ch010613.vgt(C)
640,mesh\ch010114.vgt(C)
641,mesh\ch010314.vgt(C)
642,mesh\ch010414.vgt(C)
643,mesh\ch010514.vgt(C)
644,mesh\ch010614.vgt(C)
645,mesh\ch010215.vgt(C)
646,mesh\ch010315.vgt(C)
647,mesh\ch010415.vgt(C)
648,mesh\ch010515.vgt(C)
649,mesh\ch010615.vgt(C)
650,mesh\ch020212.vgt(C)
651,mesh\ch020312.vgt(C)
652,mesh\ch020412.vgt(C)
653,mesh\ch020512.vgt(C)
654,mesh\ch020612.vgt(C)
655,mesh\ch010130.vgt(C)
656,mesh\ch010330.vgt(C)
657,mesh\ch010430.vgt(C)
658,mesh\ch010530.vgt(C)
659,mesh\ch010630.vgt(C)
660,mesh\ch010231.vgt(C)
661,mesh\ch010331.vgt(C)
662,mesh\ch010431.vgt(A)
663,mesh\ch010531.vgt(N)
664,mesh\ch010631.vgt(N)
665,mesh\ch010232.vgt(N)
666,mesh\ch010332.vgt(N)
667,mesh\ch010432.vgt(N)
668,mesh\ch010532.vgt(N)
669,mesh\ch010632.vgt(N)
670,mesh\ch020213.vgt(N)
671,mesh\ch020313.vgt(N)
672,mesh\ch020613.vgt(N)
673,mesh\ch020114.vgt(N)
674,mesh\ch020214.vgt(A)
675,mesh\ch020314.vgt(N)
676,mesh\ch020414.vgt(A)
677,mesh\ch020514.vgt(N)
678,mesh\ch020614.vgt(N)
679,mesh\ch020226.vgt(C)
680,mesh\ch020326.vgt(C)
681,mesh\ch020426.vgt(C)
682,mesh\ch020526.vgt(C)
683,mesh\ch020626.vgt(C)
684,mesh\ch020227.vgt(C)
685,mesh\ch020327.vgt(C)
686,mesh\ch020427.vgt(C)
687,mesh\ch020527.vgt(C)
688,mesh\ch020627.vgt(C)
689,mesh\ch010233.vgt(C)
690,mesh\ch010333.vgt(C)
691,mesh\ch010433.vgt(C)
692,mesh\ch010533.vgt(C)
693,mesh\ch010633.vgt(C)
694,mesh\ch010134.vgt(N)
695,mesh\ch010334.vgt(N)
696,mesh\ch010434.vgt(N)
697,mesh\ch010534.vgt(N)
698,mesh\ch010634.vgt(N)
699,mesh\ch010135.vgt(N)
700,mesh\ch010335.vgt(N)
701,mesh\ch010435.vgt(N)
702,mesh\ch010535.vgt(N)
703,mesh\ch010635.vgt(N)
704,mesh\ch010116.vgt(N)
705,mesh\ch010216.vgt(A)
706,mesh\ch010316.vgt(N)
707,mesh\ch010416.vgt(N)
708,mesh\ch010516.vgt(N)
709,mesh\ch010616.vgt(N)
710,mesh\ch010117.vgt(N)
711,mesh\ch010217.vgt(N)
712,mesh\ch010317.vgt(N)
713,mesh\ch010417.vgt(N)
714,mesh\ch010517.vgt(C)
715,mesh\ch010617.vgt(N)
716,mesh\ch010218.vgt(N)
717,mesh\ch010219.vgt(N)
718,mesh\ch010318.vgt(N)
719,mesh\ch010319.vgt(N)
720,mesh\ch010418.vgt(N)
721,mesh\ch010419.vgt(N)
722,mesh\ch010518.vgt(N)
723,mesh\ch010519.vgt(N)
724,mesh\ch010618.vgt(N)
725,mesh\ch010619.vgt(N)
726,mesh\ch010119.vgt(N)
727,mesh\ch010236.vgt(N)
728,mesh\ch010336.vgt(N)
729,mesh\ch010436.vgt(N)
730,mesh\ch010536.vgt(N)
731,mesh\ch010636.vgt(N)
732,mesh\ch020228.vgt(C)
733,mesh\ch020328.vgt(C)
734,mesh\ch020428.vgt(C)
735,mesh\ch020528.vgt(C)
736,mesh\ch020628.vgt(C)
737,mesh\awp001.vgt(N)
738,mesh\awp002.vgt(N)
739,mesh\awp003.vgt(N)
740,mesh\awp004.vgt(N)
741,mesh\awp005.vgt(N)
742,mesh\awp006.vgt(N)
743,mesh\awp007.vgt(N)
744,mesh\awp008.vgt(N)
745,mesh\awp009.vgt(N)
746,mesh\awp010.vgt(N)
747,mesh\awp011.vgt(N)
748,mesh\awp012.vgt(N)
749,mesh\awp013.vgt(C)
750,mesh\awp014.vgt(N)
751,mesh\baby01.vgt(N)
752,mesh\baby02.vgt(N)
753,mesh\baby03.vgt(N)
754,mesh\baby04.vgt(N)
755,mesh\baby05.vgt(N)
756,mesh\baby06.vgt(N)
757,mesh\baby07.vgt(N)
758,mesh\baby08.vgt(N)
759,mesh\baby09.vgt(N)
760,mesh\baby10.vgt(N)
761,mesh\baby11.vgt(N)
762,mesh\baby12.vgt(N)
763,mesh\baby13.vgt(N)
764,mesh\baby14.vgt(N)
765,mesh\baxe01.vgt(N)
766,mesh\baxe02.vgt(N)
767,mesh\baxe03.vgt(N)
768,mesh\baxe04.vgt(N)
769,mesh\baxe05.vgt(N)
770,mesh\baxe06.vgt(N)
771,mesh\baxe07.vgt(N)
772,mesh\baxe08.vgt(C)
773,mesh\mg010101.vgt(C)
774,mesh\sm010101.vgt(C)
775,mesh\sp030101.vgt(A)
776,mesh\gf010101.vgt(C)
777,mesh\bd020301.vgt(N)
778,mesh\bf010101.vgt(A)
779,mesh\bf010102.vgt(A)
780,mesh\bf010103.vgt(A)
781,mesh\bf010104.vgt(A)
782,mesh\bf010105.vgt(A)
783,mesh\bf010106.vgt(A)
784,mesh\bwp001.vgt(N)
785,mesh\bwp002.vgt(N)
786,mesh\bwp003.vgt(N)
787,mesh\bwp004.vgt(N)
788,mesh\bwp005.vgt(N)
789,mesh\bwp006.vgt(N)
790,mesh\bwp007.vgt(N)
791,mesh\bwp008.vgt(N)
792,mesh\bwp009.vgt(N)
793,mesh\bwp010.vgt(N)
794,mesh\bwp011.vgt(N)
795,mesh\bwp012.vgt(N)
796,mesh\bwp013.vgt(N)
797,mesh\bwp014.vgt(C)
798,mesh\bwp015.vgt(N)
799,mesh\ches01.vgt(N)
800,mesh\ches02.vgt(N)
801,mesh\ches03.vgt(N)
802,mesh\ches04.vgt(N)
803,mesh\ches05.vgt(N)
804,mesh\ches06.vgt(N)
805,mesh\ches07.vgt(N)
806,mesh\ches08.vgt(N)
807,mesh\ches09.vgt(N)
808,mesh\ches10.vgt(N)
809,mesh\ches11.vgt(N)
810,mesh\ches12.vgt(N)
811,mesh\ches13.vgt(N)
812,mesh\ches14.vgt(N)
813,mesh\cwp001.vgt(N)
814,mesh\cwp002.vgt(N)
815,mesh\cwp012.vgt(N)
816,mesh\cwp003.vgt(N)
817,mesh\claw05.vgt(N)
818,mesh\cwp004.vgt(N)
819,mesh\cwp005.vgt(N)
820,mesh\cwp006.vgt(N)
821,mesh\cwp007.vgt(N)
822,mesh\cwp008.vgt(N)
823,mesh\cwp009.vgt(N)
824,mesh\claw13.vgt(C)
825,mesh\or010101.vgt(C)
826,mesh\or020101.vgt(C)
827,mesh\or030101.vgt(C)
828,mesh\or040101.vgt(C)
829,mesh\or050101.vgt(C)
830,mesh\sk030101.vgt(A)
831,mesh\sk040101.vgt(A)
832,mesh\fn020101.vgt(C)
833,mesh\fn020102.vgt(C)
834,mesh\fn030101.vgt(C)
835,mesh\fn030102.vgt(C)
836,mesh\rk010101.vgt(A)
837,mesh\rk010102.vgt(A)
838,mesh\rk010103.vgt(C)
839,mesh\dm020101.vgt(C)
840,mesh\bs010101.vgt(C)
841,mesh\or060101.vgt(A)
842,mesh\sc010101.vgt(C)
843,mesh\sc010102.vgt(C)
844,mesh\bm010101.vgt(C)
845,mesh\ar010101.vgt(A)
846,mesh\ar010102.vgt(A)
847,mesh\zb020101.vgt(A)
848,mesh\zb030101.vgt(A)
849,mesh\zd010101.vgt(A)
850,mesh\ka010101.vgt(A)
851,mesh\wp105.vgt(C)
852,mesh\wp110.vgt(C)
853,mesh\dwp001.vgt(N)
854,mesh\dwp002.vgt(N)
855,mesh\dwp003.vgt(N)
856,mesh\wp106.vgt(C)
857,mesh\dwp004.vgt(N)
858,mesh\dwp005.vgt(N)
859,mesh\dwp006.vgt(N)
860,mesh\dwp007.vgt(N)
861,mesh\dwp008.vgt(N)
862,mesh\dwp009.vgt(N)
863,mesh\dwp010.vgt(N)
864,mesh\twp001.vgt(N)
865,mesh\twp002.vgt(N)
866,mesh\cwp011.vgt(N)
867,mesh\twp003.vgt(N)
868,mesh\twp004.vgt(N)
869,mesh\twp005.vgt(C)
870,mesh\twp006.vgt(N)
871,mesh\twp007.vgt(N)
872,mesh\twp008.vgt(N)
873,mesh\twp009.vgt(N)
874,mesh\twp010.vgt(N)
875,mesh\twp011.vgt(N)
876,mesh\throw14.vgt(C)
877,mesh\lz030101.vgt(C)
878,mesh\sword17.vgt(N)
879,mesh\sword18.vgt(N)
880,mesh\swp001.vgt(N)
881,mesh\swp002.vgt(N)
882,mesh\swp003.vgt(N)
883,mesh\swp004.vgt(N)
884,mesh\swp005.vgt(N)
885,mesh\swp006.vgt(N)
886,mesh\swp007.vgt(N)
887,mesh\swp008.vgt(N)
888,mesh\swp009.vgt(N)
889,mesh\swp010.vgt(N)
890,mesh\swp011.vgt(C)
891,mesh\swp012.vgt(N)
892,mesh\swp013.vgt(N)
893,mesh\swp014.vgt(N)
894,mesh\tr010101.vgt(A)
895,mesh\tr010102.vgt(A)
896,mesh\tr020101.vgt(A)
897,mesh\tr020102.vgt(A)
898,mesh\tr030101.vgt(A)
899,mesh\tr030102.vgt(A)
900,mesh\tr040101.vgt(A)
901,mesh\tr040102.vgt(A)
902,mesh\tr050101.vgt(A)
903,mesh\tr060101.vgt(A)
904,mesh\tr060102.vgt(N)
905,mesh\tr070101.vgt(N)
906,mesh\tr080101.vgt(N)
907,mesh\tr090101.vgt(A)
908,mesh\tr100101.vgt(A)
909,mesh\tr110101.vgt(N)
910,mesh\tr120102.vgt(A)
911,mesh\tr080102.vgt(N)
912,mesh\tr130101.vgt(N)
913,mesh\tr180101.vgt(N)
914,mesh\tr180102.vgt(N)
915,mesh\hr010101.vgt(A)
916,mesh\hr010102.vgt(A)
917,mesh\hr010103.vgt(A)
918,mesh\hr010104.vgt(A)
919,mesh\hr010105.vgt(A)
920,mesh\vp010101.vgt(C)
921,mesh\vp010102.vgt(C)
922,mesh\vp010103.vgt(C)
923,mesh\jwp001.vgt(N)
924,mesh\jwp013.vgt(N)
925,mesh\jwp002.vgt(N)
926,mesh\spear04.vgt(N)
927,mesh\jwp003.vgt(N)
928,mesh\jwp004.vgt(N)
929,mesh\jwp005.vgt(N)
930,mesh\jwp006.vgt(N)
931,mesh\jwp007.vgt(N)
932,mesh\jwp008.vgt(N)
933,mesh\jwp009.vgt(N)
934,mesh\spear13.vgt(C)
935,mesh\jwp010.vgt(C)
936,mesh\wand01.vgt(C)
937,mesh\wp115.vgt(C)
938,mesh\wand03.vgt(C)
939,mesh\wand04.vgt(C)
940,mesh\wp154.vgt(C)
941,mesh\wwp017.vgt(C)
942,mesh\wwp016.vgt(C)
943,mesh\wand08.vgt(C)
944,mesh\mt010101.vgt(N)
945,mesh\mt010102.vgt(N)
946,mesh\mt010103.vgt(N)
947,mesh\mt010104.vgt(N)
948,mesh\mt010105.vgt(A)
949,mesh\mt010107.vgt(N)
950,mesh\mt010108.vgt(N)
951,mesh\mt010109.vgt(N)
952,mesh\mt010110.vgt(N)
953,mesh\mt010112.vgt(N)
954,mesh\mt010113.vgt(N)
955,mesh\mt010114.vgt(N)
956,mesh\mt010115.vgt(N)
957,mesh\mt010116.vgt(N)
958,mesh\mt010117.vgt(N)
959,mesh\mt010118.vgt(N)
960,mesh\bow11.vgt(C)
961,mesh\mt010120.vgt(A)
962,mesh\sword03.vgt(N)
963,mesh\mt010122.vgt(N)
964,mesh\mt010123.vgt(N)
965,mesh\yt010101.vgt(C)
966,mesh\mt010125.vgt(N)
967,mesh\mt010126.vgt(N)
968,mesh\mt010127.vgt(N)
969,mesh\mt010128.vgt(N)
970,mesh\mt010129.vgt(N)
971,mesh\mt010130.vgt(N)
972,mesh\wp070.vgt(C)
973,mesh\bow19.vgt(C)
974,mesh\bk010101.vgt(A)
975,mesh\mt010132.vgt(C)
976,mesh\mt010133.vgt(C)
977,mesh\mt010134.vgt(A)
978,mesh\mt010135.vgt(A)
979,mesh\mt010136.vgt(A)
980,mesh\mt010137.vgt(A)
981,mesh\aq020101.vgt(C)
982,mesh\gl020101.vgt(C)
983,mesh\tl020101.vgt(C)
984,mesh\cc010101.vgt(C)
985,mesh\dr010101.vgt(C)
986,mesh\dr010102.vgt(C)
987,mesh\dr010103.vgt(N)
988,mesh\dr010105.vgt(N)
989,mesh\dr010106.vgt(N)
990,mesh\dr010107.vgt(N)
991,mesh\dr010108.vgt(N)
992,mesh\dr010109.vgt(C)
993,mesh\dr020101.vgt(A)
994,mesh\dr020301.vgt(N)
995,mesh\lf010101.vgt(A)
996,mesh\lf010102.vgt(A)
997,mesh\lf010103.vgt(A)
998,mesh\lf010104.vgt(A)
999,mesh\lf010105.vgt(A)
1000,mesh\lf010106.vgt(A)
1001,mesh\lf010107.vgt(A)
1002,mesh\lf010108.vgt(A)
1003,mesh\lf010109.vgt(A)
1004,mesh\meal01.vgt(N)
1005,mesh\meal02.vgt(N)
1006,mesh\meal03.vgt(N)
1007,mesh\meal04.vgt(N)
1008,mesh\meal05.vgt(N)
1009,mesh\meal06.vgt(N)
1010,mesh\meal07.vgt(N)
1011,mesh\meal08.vgt(N)
1012,mesh\meal09.vgt(N)
1013,mesh\meal10.vgt(N)
1014,mesh\sky01.vgt(N)
1015,mesh\sky02.vgt(N)
1016,mesh\sky03.vgt(N)
1017,mesh\sky04.vgt(N)
1018,mesh\bsword01.vgt(N)
1019,mesh\bsword02.vgt(N)
1020,mesh\bsword03.vgt(N)
1021,mesh\wp151.vgt(N)
1022,mesh\wp149.vgt(N)
1023,mesh\wp135.vgt(N)
1024,mesh\bsword08.vgt(C)
1025,mesh\wp059.vgt(N)
1026,mesh\sk020101.vgt(A)
1027,mesh\wp116.vgt(N)
1028,mesh\wp117.vgt(N)
1029,mesh\wp119.vgt(N)
1030,mesh\bwand01.vgt(A)
1031,mesh\bwand04.vgt(N)
1032,mesh\bwand06.vgt(N)
1033,mesh\wp064.vgt(C)
1034,mesh\bwand10.vgt(C)
1035,mesh\bwand09.vgt(N)
1036,mesh\book01.vgt(N)
1037,mesh\book02.vgt(N)
1038,mesh\book03.vgt(N)
1039,mesh\book04.vgt(N)
1040,mesh\book05.vgt(N)
1041,mesh\ag010101.vgt(A)
1042,mesh\ag010102.vgt(A)
1043,mesh\ag010103.vgt(N)
1044,mesh\ag010104.vgt(A)
1045,mesh\ag010105.vgt(A)
1046,mesh\ag010106.vgt(A)
1047,mesh\ahs001.vgt(N)
1048,mesh\ahs002.vgt(N)
1049,mesh\ahs003.vgt(N)
1050,mesh\ahs004.vgt(N)
1051,mesh\ahs005.vgt(N)
1052,mesh\amul01.vgt(N)
1053,mesh\amul03.vgt(N)
1054,mesh\amul02.vgt(N)
1055,mesh\apple.vgt(A)
1056,mesh\argosaxe.vgt(N)
1057,mesh\armlet01.vgt(N)
1058,mesh\arpan.vgt(N)
1059,mesh\arrow01.vgt(N)
1060,mesh\bail01.vgt(N)
1061,mesh\bail02.vgt(N)
1062,mesh\bail03.vgt(N)
1063,mesh\bail04.vgt(N)
1064,mesh\bail05.vgt(N)
1065,mesh\be010101.vgt(N)
1066,mesh\be010102.vgt(A)
1067,mesh\be010103.vgt(N)
1068,mesh\beacha.vgt(N)
1069,mesh\beach1.vgt(N)
1070,mesh\vc010101.vgt(C)
1071,mesh\np010101.vgt(C)
1072,mesh\bn010101.vgt(A)
1073,mesh\bnshld.vgt(N)
1074,mesh\bs010102.vgt(C)
1075,mesh\bo010101.vgt(C)
1076,mesh\bonec1.vgt(N)
1077,mesh\bonec2.vgt(N)
1078,mesh\boned1.vgt(N)
1079,mesh\boned2.vgt(N)
1080,mesh\box001.vgt(N)
1081,mesh\bread.vgt(N)
1082,mesh\challe01.vgt(N)
1083,mesh\challe02.vgt(N)
1084,mesh\challeng.vgt(N)
1085,mesh\cham01.vgt(N)
1086,mesh\cham02.vgt(N)
1087,mesh\cham03.vgt(N)
1088,mesh\cham04.vgt(N)
1089,mesh\cham05.vgt(N)
1090,mesh\change.vgt(N)
1091,mesh\chicks.vgt(N)
1092,mesh\choco1.vgt(N)
1093,mesh\circle01.vgt(N)
1094,mesh\circle02.vgt(N)
1095,mesh\colsam.vgt(N)
1096,mesh\coupon.vgt(N)
1097,mesh\zb010101.vgt(A)
1098,mesh\zb010102.vgt(A)
1099,mesh\cstone.vgt(N)
1100,mesh\cycaxe.vgt(N)
1101,mesh\cyhammer.vgt(N)
1102,mesh\daxe01.vgt(N)
1103,mesh\degg01.vgt(N)
1104,mesh\draball.vgt(N)
1105,mesh\dring1.vgt(N)
1106,mesh\elfbow.vgt(N)
1107,mesh\zb010201.vgt(A)
1108,mesh\zb010202.vgt(A)
1109,mesh\et010101.vgt(A)
1110,mesh\etc075.vgt(N)
1111,mesh\fl010101.vgt(A)
1112,mesh\fs010101.vgt(A)
1113,mesh\fs010102.vgt(A)
1114,mesh\fs010103.vgt(A)
1115,mesh\garu01.vgt(N)
1116,mesh\garu02.vgt(N)
1117,mesh\garu03.vgt(N)
1118,mesh\garu04.vgt(N)
1119,mesh\aq010101.vgt(C)
1120,mesh\kf010101.vgt(C)
1121,mesh\gg010102.vgt(A)
1122,mesh\gg010103.vgt(C)
1123,mesh\gb010101.vgt(A)
1124,mesh\gb010102.vgt(A)
1125,mesh\gr010103.vgt(N)
1126,mesh\gr010104.vgt(N)
1127,mesh\guild001.vgt(N)
1128,mesh\guild002.vgt(N)
1129,mesh\hammer01.vgt(N)
1130,mesh\hammer02.vgt(N)
1131,mesh\herb01.vgt(N)
1132,mesh\herb02.vgt(N)
1133,mesh\herb03.vgt(N)
1134,mesh\key001.vgt(N)
1135,mesh\key002.vgt(N)
1136,mesh\key003.vgt(N)
1137,mesh\lotto.vgt(N)
1138,mesh\lucky1.vgt(N)
1139,mesh\lucky2.vgt(N)
1140,mesh\mi010101.vgt(N)
1141,mesh\mi010102.vgt(N)
1142,mesh\mi010103.vgt(N)
1143,mesh\mi010104.vgt(N)
1144,mesh\mi010105.vgt(N)
1145,mesh\mo010101.vgt(N)
1146,mesh\mo010102.vgt(N)
1147,mesh\mo010103.vgt(N)
1148,mesh\mo010104.vgt(A)
1149,mesh\money01.vgt(N)
1150,mesh\mstone.vgt(N)
1151,mesh\nats.vgt(N)
1152,mesh\night1.vgt(A)
1153,mesh\night2.vgt(A)
1154,mesh\night3.vgt(A)
1155,mesh\npc001.vgt(N)
1156,mesh\npc002.vgt(N)
1157,mesh\npc003.vgt(N)
1158,mesh\nstone.vgt(N)
1159,mesh\orb01.vgt(N)
1160,mesh\orb02.vgt(N)
1161,mesh\orb03.vgt(N)
1162,mesh\orb04.vgt(N)
1163,mesh\orb05.vgt(N)
1164,mesh\bwand13.vgt(N)
1165,mesh\owater5.vgt(A)
1166,mesh\ox0001.vgt(N)
1167,mesh\oxpt01.vgt(N)
1168,mesh\phoenix.vgt(N)
1169,mesh\puzzle.vgt(A)
1170,mesh\ra010101.vgt(N)
1171,mesh\ricecake.vgt(N)
1172,mesh\ring01.vgt(N)
1173,mesh\ring02.vgt(N)
1174,mesh\ring03.vgt(N)
1175,mesh\roast.vgt(N)
1176,mesh\ruby01.vgt(N)
1177,mesh\ruby02.vgt(N)
1178,mesh\sache1.vgt(N)
1179,mesh\sapa01.vgt(N)
1180,mesh\sausage.vgt(N)
1181,mesh\sepi01.vgt(N)
1182,mesh\sepi02.vgt(N)
1183,mesh\sepi03.vgt(N)
1184,mesh\sgate1.vgt(N)
1185,mesh\shld01.vgt(N)
1186,mesh\shld02.vgt(N)
1187,mesh\shld03.vgt(N)
1188,mesh\skshld.vgt(N)
1189,mesh\sksw01.vgt(N)
1190,mesh\sksw02.vgt(N)
1191,mesh\sksp01.vgt(N)
1192,mesh\sksp02.vgt(N)
1193,mesh\sn010101.vgt(N)
1194,mesh\sp010101.vgt(C)
1195,mesh\sp010102.vgt(C)
1196,mesh\splife.vgt(N)
1197,mesh\squib1.vgt(N)
1198,mesh\sstone.vgt(N)
1199,mesh\stone01.vgt(N)
1200,mesh\stone08.vgt(N)
1201,mesh\win035.vgt(N)
1202,mesh\ticket.vgt(A)
1203,mesh\ticket02.vgt(N)
1204,mesh\ticket03.vgt(N)
1205,mesh\tsungtzu.vgt(N)
1206,mesh\lc010101.vgt(A)
1207,mesh\lc020101.vgt(C)
1208,mesh\ww010101.vgt(C)
1209,mesh\bb010101.vgt(C)
1210,mesh\wf010101.vgt(C)
1211,mesh\wf010102.vgt(A)
1212,mesh\wgate1.vgt(N)
1213,mesh\wh010101.vgt(N)
1214,mesh\xtree1.vgt(A)
1215,mesh\xtree2.vgt(A)
1216,mesh\ag010101.vgt(A)
1217,mesh\medal1.vgt(N)
1218,mesh\medal2.vgt(N)
1219,mesh\medal3.vgt(N)
1220,mesh\medal4.vgt(N)
1221,mesh\medal5.vgt(N)
1222,mesh\vp020101.vgt(C)
1223,mesh\vp020102.vgt(C)
1224,mesh\rcaxe.vgt(N)
1225,mesh\rcspear.vgt(N)
1226,mesh\night4.vgt(N)
1227,mesh\reston.vgt(N)
1228,mesh\chan06.vgt(N)
1229,mesh\chan07.vgt(N)
1230,mesh\chan08.vgt(N)
1231,mesh\sefira.vgt(N)
1232,mesh\bail06.vgt(N)
1233,mesh\bail07.vgt(N)
1234,mesh\bail08.vgt(N)
1235,mesh\bail09.vgt(N)
1236,mesh\pardon.vgt(N)
1237,mesh\cake01.vgt(N)
1238,mesh\faerie.vgt(N)
1239,mesh\HgateP.vgt(N)
1240,mesh\HgateS.vgt(N)
1241,mesh\brow01.vgt(N)
1242,mesh\brow02.vgt(N)
1243,mesh\brow03.vgt(N)
1244,mesh\brow04.vgt(N)
1245,mesh\brow05.vgt(N)
1246,mesh\brow06.vgt(N)
1247,mesh\brow07.vgt(N)
1248,mesh\reco01.vgt(N)
1249,mesh\reco02.vgt(N)
1250,mesh\reco03.vgt(N)
1251,mesh\reco04.vgt(N)
1252,mesh\reco05.vgt(N)
1253,mesh\reco06.vgt(N)
1254,mesh\reco07.vgt(N)
1255,mesh\night5.vgt(A)
1256,mesh\night6.vgt(A)
1257,mesh\night7.vgt(A)
1258,mesh\drink1.vgt(N)
1259,mesh\Lunch1.vgt(N)
1260,mesh\bt010101.vgt(N)
1261,mesh\fn010101.vgt(A)
1262,mesh\bb020101.vgt(C)
1263,mesh\sword20.vgt(N)
1264,mesh\dg020101.vgt(C)
1265,mesh\ta010101.vgt(C)
1266,mesh\ta010102.vgt(C)
1267,mesh\ta010103.vgt(C)
1268,mesh\gs010101.vgt(A)
1269,mesh\gs010102.vgt(A)
1270,mesh\mg010101.vgt(C)
1271,mesh\mg010102.vgt(C)
1272,mesh\ds010101.vgt(C)
1273,mesh\ak010101.vgt(A)
1274,mesh\ak010102.vgt(A)
1275,mesh\ak010103.vgt(C)
1276,mesh\mt020101.vgt(C)
1277,mesh\tl030101.vgt(A)
1278,mesh\mi010101.vgt(A)
1279,mesh\mi010102.vgt(A)
1280,mesh\sp030101.vgt(A)
1281,mesh\sm010101.vgt(C)
1282,mesh\zb010101.vgt(A)
1283,mesh\zb010102.vgt(A)
1284,mesh\bt020101.vgt(C)
1285,mesh\hl010101.vgt(C)
1286,mesh\kg010101.vgt(C)
1287,mesh\tl010101.vgt(A)
1288,mesh\tl020101.vgt(C)
1289,mesh\ch020391.vgt(N)
1290,mesh\ch020191.vgt(N)
1291,mesh\ch010220.vgt(C)
1292,mesh\ch010320.vgt(C)
1293,mesh\ch010420.vgt(C)
1294,mesh\ch010520.vgt(C)
1295,mesh\ch010620.vgt(C)
1296,mesh\ch010240.vgt(C)
1297,mesh\ch010340.vgt(C)
1298,mesh\ch010440.vgt(C)
1299,mesh\ch010540.vgt(C)
1300,mesh\ch010640.vgt(C)
1301,mesh\ch020220.vgt(C)
1302,mesh\ch020320.vgt(C)
1303,mesh\ch020420.vgt(C)
1304,mesh\ch020520.vgt(C)
1305,mesh\ch020620.vgt(C)
1306,mesh\ch020240.vgt(C)
1307,mesh\ch020340.vgt(C)
1308,mesh\ch020440.vgt(C)
1309,mesh\ch020540.vgt(C)
1310,mesh\ch020640.vgt(C)
1311,mesh\axe16.vgt(N)
1312,mesh\baxe10.vgt(N)
1313,mesh\lwp008.vgt(N)
1314,mesh\dwp012.vgt(N)
1315,mesh\bow17.vgt(N)
1316,mesh\cwp010.vgt(N)
1317,mesh\dwp011.vgt(C)
1318,mesh\jwp014.vgt(N)
1319,mesh\sword21.vgt(N)
1320,mesh\throw16.vgt(N)
1321,mesh\wwp015.vgt(N)
1322,mesh\ch020392.vgt(N)
1323,mesh\fxc001.vgt(A)
1324,mesh\fxc002.vgt(A)
1325,mesh\fxc003.vgt(A)
1326,mesh\beetle.vgt(N)
1327,mesh\pm001.vgt(N)
1328,mesh\ches15.vgt(N)
1329,mesh\hs010108.vgt(N)
1330,mesh\hs010308.vgt(N)
1331,mesh\pcoupon.vgt(N)
1332,mesh\expi01.vgt(N)
1333,mesh\expi02.vgt(N)
1334,mesh\expi03.vgt(N)
1335,mesh\expi04.vgt(N)
1336,mesh\mo010105.vgt(N)
1337,mesh\mo010106.vgt(N)
1338,mesh\mo010107.vgt(N)
1339,mesh\be010104.vgt(N)
1340,mesh\wf010103.vgt(N)
1341,mesh\et010102.vgt(A)
1342,mesh\bt010102.vgt(N)
1343,mesh\ch010137.vgt(N)
1344,mesh\ch010337.vgt(N)
1345,mesh\ch010437.vgt(N)
1346,mesh\ch010537.vgt(N)
1347,mesh\ch010637.vgt(N)
1348,mesh\tl040101.vgt(C)
1349,mesh\ch010138.vgt(N)
1350,mesh\ch010338.vgt(N)
1351,mesh\ch010438.vgt(N)
1352,mesh\ch010538.vgt(N)
1353,mesh\ch010638.vgt(N)
1354,mesh\ch020117.vgt(A)
1355,mesh\ch020317.vgt(C)
1356,mesh\ch020417.vgt(C)
1357,mesh\ch020517.vgt(N)
1358,mesh\ch020617.vgt(N)
1359,mesh\sq010101.vgt(C)
1360,mesh\gl020101.vgt(C)
1361,mesh\gl030101.vgt(C)
1362,mesh\gl040101.vgt(C)
1363,mesh\wf010104.vgt(N)
1364,mesh\bsword11.vgt(N)
1365,mesh\bshield1.vgt(N)
1366,mesh\baxe11.vgt(N)
1367,mesh\ch020192.vgt(N)
1368,mesh\ch020193.vgt(N)
1369,mesh\mt010124.vgt(A)
1370,mesh\pcsc01.vgt(N)
1371,mesh\smel01.vgt(N)
1372,mesh\smel02.vgt(N)
1373,mesh\smel03.vgt(N)
1374,mesh\smel04.vgt(N)
1375,mesh\wg010101.vgt(C)
1376,mesh\wg010201.vgt(C)
1377,mesh\ch010164.vgt(C)
1378,mesh\ch010264.vgt(A)
1379,mesh\gg010101.vgt(C)
1380,mesh\bd010101.vgt(A)
1381,mesh\sb010101.vgt(A)
1382,mesh\gl010101.vgt(C)
1383,mesh\gl010102.vgt(C)
1384,mesh\gl010103.vgt(C)
1385,mesh\dm010101.vgt(C)
1386,mesh\lz010101.vgt(C)
1387,mesh\lz010102.vgt(C)
1388,mesh\bb010102.vgt(C)
1389,mesh\bb020102.vgt(C)
1390,mesh\hk010101.vgt(C)
1391,mesh\mk010101.vgt(C)
1392,mesh\quest9.vgt(N)
1393,mesh\quest10.vgt(N)
1394,mesh\pota01.vgt(N)
1395,mesh\pota02.vgt(N)
1396,mesh\pota03.vgt(N)
1397,mesh\pota04.vgt(N)
1398,mesh\pota05.vgt(N)
1399,mesh\pota06.vgt(N)
1400,mesh\imgech.vgt(N)
1401,mesh\smel05.vgt(N)
1402,mesh\egg001.vgt(N)
1403,mesh\egg002.vgt(N)
1404,mesh\egg003.vgt(N)
1405,mesh\egg004.vgt(N)
1406,mesh\egg005.vgt(N)
1407,mesh\egg006.vgt(N)
1408,mesh\egg007.vgt(N)
1409,mesh\egg008.vgt(N)
1410,mesh\egg009.vgt(N)
1411,mesh\egg010.vgt(N)
1412,mesh\egg011.vgt(N)
1413,mesh\egg012.vgt(N)
1414,mesh\egg013.vgt(N)
1415,mesh\egg014.vgt(N)
1416,mesh\even01.vgt(N)
1417,mesh\even02.vgt(N)
1418,mesh\even03.vgt(N)
1419,mesh\even04.vgt(N)
1420,mesh\even05.vgt(N)
1421,mesh\even06.vgt(N)
1422,mesh\even07.vgt(N)
1423,mesh\event1.vgt(N)
1424,mesh\amul07.vgt(N)
1425,mesh\freelv01.vgt(N)
1426,mesh\toto.vgt(N)
1427,mesh\box002.vgt(N)
1428,mesh\silv100.vgt(N)
1429,mesh\silv500.vgt(N)
1430,mesh\silv5000.vgt(N)
1431,mesh\bl010101.vgt(N)
1432,mesh\candy.vgt(N)
1433,mesh\hs010309.vgt(N)
1434,mesh\hs010310.vgt(N)
1435,mesh\hs010311.vgt(N)
1436,mesh\hs010312.vgt(N)
1437,mesh\bd020302.vgt(C)
1438,mesh\bd020303.vgt(C)
1439,mesh\tr210101.vgt(A)
1440,mesh\scroll09.vgt(N)
1441,mesh\rune01.vgt(N)
1442,mesh\rune02.vgt(N)
1443,mesh\rune03.vgt(N)
1444,mesh\rune04.vgt(N)
1445,mesh\rune05.vgt(N)
1446,mesh\rune06.vgt(N)
1447,mesh\rune07.vgt(N)
1448,mesh\rune08.vgt(N)
1449,mesh\rune09.vgt(N)
1450,mesh\rune10.vgt(N)
1451,mesh\rune11.vgt(N)
1452,mesh\rune12.vgt(N)
1453,mesh\rune13.vgt(N)
1454,mesh\rune14.vgt(N)
1455,mesh\rune15.vgt(N)
1456,mesh\rune16.vgt(N)
1457,mesh\rune17.vgt(N)
1458,mesh\rune18.vgt(N)
1459,mesh\rune19.vgt(N)
1460,mesh\rune20.vgt(N)
1461,mesh\rune21.vgt(N)
1462,mesh\rune22.vgt(N)
1463,mesh\rune23.vgt(N)
1464,mesh\rune24.vgt(N)
1465,mesh\slstone01.vgt(N)
1466,mesh\slstone02.vgt(N)
1467,mesh\telept.vgt(A)
1468,mesh\ch010181.vgt(A)
1469,mesh\ch010281.vgt(A)
1470,mesh\ch010185.vgt(A)
1471,mesh\ch010285.vgt(A)
1472,mesh\ch020181.vgt(A)
1473,mesh\ch020281.vgt(A)
1474,mesh\ch020185.vgt(A)
1475,mesh\ch020285.vgt(A)
1476,mesh\dealst.vgt(A)
1477,mesh\secr01.vgt(A)
1478,mesh\secr02.vgt(A)
1479,mesh\secr03.vgt(A)
1480,mesh\secr04.vgt(A)
1481,mesh\runewd.vgt(A)
1482,mesh\ag010107.vgt(A)
1483,mesh\ag010108.vgt(A)
1484,mesh\orir01.vgt(A)
1485,mesh\orir02.vgt(A)
1486,mesh\orsc01.vgt(A)
1487,mesh\orsc02.vgt(A)
1488,mesh\balrogani.vgt(N)
1489,mesh\nightmare.vgt(N)
1490,mesh\circ01.vgt(A)
1491,mesh\circ02.vgt(A)
1492,mesh\circ03.vgt(A)
1493,mesh\ch020337.vgt(A)
1494,mesh\ch020437.vgt(A)
1495,mesh\ch020537.vgt(A)
1496,mesh\ch020637.vgt(A)
1497,mesh\ch020357.vgt(A)
1498,mesh\ch020457.vgt(A)
1499,mesh\ch020557.vgt(A)
1500,mesh\ch020657.vgt(A)
1501,mesh\rebirthmt.vgt(N)
1502,mesh\pppotion01.vgt(A)
1503,mesh\shout.vgt(N)
1504,mesh\mt010141.vgt(N)
1505,mesh\mt010142.vgt(N)
1506,mesh\mt010143.vgt(N)
1507,mesh\mt010144.vgt(N)
1508,mesh\mt010145.vgt(N)
1509,mesh\mt010146.vgt(N)
1510,mesh\mt010147.vgt(N)
1511,mesh\mt010148.vgt(N)
1512,mesh\mt010149.vgt(N)
1513,mesh\mt010150.vgt(N)
1514,mesh\mt010151.vgt(N)
1515,mesh\mt010152.vgt(N)
1516,mesh\mt010153.vgt(N)
1517,mesh\mt010154.vgt(N)
1518,mesh\mt010155.vgt(N)
1519,mesh\mt010156.vgt(N)
1520,mesh\mt010157.vgt(N)
1521,mesh\mt010158.vgt(N)
1522,mesh\mt010159.vgt(N)
1523,mesh\mt010160.vgt(N)
1524,mesh\mt010161.vgt(N)
1525,mesh\mt010162.vgt(N)
1526,mesh\mt010163.vgt(N)
1527,mesh\mt010164.vgt(N)
1528,mesh\mt010165.vgt(N)
1529,mesh\mt010166.vgt(N)
1530,mesh\mt010167.vgt(N)
1531,mesh\mt010168.vgt(N)
1532,mesh\mt010169.vgt(N)
1533,mesh\mt010170.vgt(N)
1534,mesh\mt010171.vgt(N)
1535,mesh\mt010172.vgt(N)
1536,mesh\mt010173.vgt(N)
1537,mesh\mt010174.vgt(N)
1538,mesh\mt010175.vgt(N)
1539,mesh\mt010176.vgt(N)
1540,mesh\mt010177.vgt(N)
1541,mesh\mt010178.vgt(N)
1542,mesh\mt010179.vgt(N)
1543,mesh\mt010180.vgt(N)
1544,mesh\mt010181.vgt(N)
1545,mesh\mt010182.vgt(N)
1546,mesh\mt010183.vgt(N)
1547,mesh\mt010184.vgt(N)
1548,mesh\mt010185.vgt(N)
1549,mesh\mt010186.vgt(N)
1550,mesh\mt010187.vgt(N)
1551,mesh\mt010188.vgt(N)
1552,mesh\mt010189.vgt(N)
1553,mesh\mt010190.vgt(N)
1554,mesh\mt010191.vgt(N)
1555,mesh\mt010192.vgt(N)
1556,mesh\mt010193.vgt(N)
1557,mesh\mt010194.vgt(N)
1558,mesh\mt010195.vgt(N)
1559,mesh\mt010196.vgt(N)
1560,mesh\mt010197.vgt(N)
1561,mesh\mt010198.vgt(N)
1562,mesh\mt010199.vgt(N)
1563,mesh\mt0101100.vgt(N)
1564,mesh\mt0101101.vgt(N)
1565,mesh\mt0101102.vgt(N)
1566,mesh\mt0101103.vgt(N)
1567,mesh\mt0101104.vgt(N)
1568,mesh\mt0101105.vgt(N)
1569,mesh\mt0101106.vgt(N)
1570,mesh\mt0101107.vgt(N)
1571,mesh\mt0101108.vgt(N)
1572,mesh\mt0101109.vgt(N)
1573,mesh\mt0101110.vgt(N)
1574,mesh\mt0101111.vgt(N)
1575,mesh\mt0101112.vgt(N)
1576,mesh\mt0101113.vgt(N)
1577,mesh\mt0101114.vgt(N)
1578,mesh\mt0101115.vgt(N)
1579,mesh\mt0101116.vgt(N)
1580,mesh\mt0101117.vgt(N)
1581,mesh\mt0101118.vgt(N)
1582,mesh\mt0101119.vgt(N)
1583,mesh\mt0101120.vgt(N)
1584,mesh\mt0101121.vgt(N)
1585,mesh\mt0101122.vgt(N)
1586,mesh\mt0101123.vgt(N)
1587,mesh\mt0101124.vgt(N)
1588,mesh\mt0101125.vgt(N)
1589,mesh\mt0101126.vgt(N)
1590,mesh\mt0101127.vgt(N)
1591,mesh\mt0101128.vgt(N)
1592,mesh\mt0101129.vgt(N)
1593,mesh\mt0101130.vgt(N)
1594,mesh\mt0101131.vgt(N)
1595,mesh\mt0101132.vgt(N)
1596,mesh\mt0101133.vgt(N)
1597,mesh\mt0101134.vgt(N)
1598,mesh\mt0101135.vgt(N)
1599,mesh\mt0101136.vgt(N)
1600,mesh\mt0101137.vgt(N)
1601,mesh\mt0101138.vgt(N)
1602,mesh\mt0101139.vgt(N)
1603,mesh\mt0101140.vgt(N)
1604,mesh\mt0101141.vgt(N)
1605,mesh\mt0101142.vgt(N)
1606,mesh\mt0101143.vgt(N)
1607,mesh\mt0101144.vgt(N)
1608,mesh\mt0101145.vgt(N)
1609,mesh\mt0101146.vgt(N)
1610,mesh\mt0101147.vgt(N)
1611,mesh\mt0101148.vgt(N)
1612,mesh\mt0101149.vgt(N)
1613,mesh\mt0101150.vgt(N)
1614,mesh\mt0101151.vgt(N)
1615,mesh\mt0101152.vgt(N)
1616,mesh\mt0101153.vgt(N)
1617,mesh\mt0101154.vgt(N)
1618,mesh\mt0101155.vgt(N)
1619,mesh\mt0101156.vgt(N)
1620,mesh\mt0101157.vgt(N)
1621,mesh\mt0101158.vgt(N)
1622,mesh\mt0101159.vgt(N)
1623,mesh\mt0101160.vgt(N)
1624,mesh\mt0101161.vgt(N)
1625,mesh\mt0101162.vgt(N)
1626,mesh\mt0101163.vgt(N)
1627,mesh\mt0101164.vgt(N)
1628,mesh\mt0101165.vgt(N)
1629,mesh\mt0101166.vgt(N)
1630,mesh\mt0101167.vgt(N)
1631,mesh\mt0101168.vgt(N)
1632,mesh\mt0101169.vgt(N)
1633,mesh\mt0101170.vgt(N)
1634,mesh\mt0101171.vgt(A)
1635,mesh\mt0101172.vgt(A)
1636,mesh\mt0101173.vgt(A)
1637,mesh\mt0101174.vgt(A)
1638,mesh\mt0101175.vgt(A)
1639,mesh\mt0101176.vgt(A)
1640,mesh\mt0101177.vgt(A)
1641,mesh\mt0101178.vgt(A)
1642,mesh\mt0101179.vgt(A)
1643,mesh\mt0101180.vgt(A)
1644,mesh\mt0101181.vgt(A)
1645,mesh\mt0101182.vgt(A)
1646,mesh\mt0101183.vgt(A)
1647,mesh\mt0101184.vgt(A)
1648,mesh\mt0101185.vgt(A)
1649,mesh\mt0101186.vgt(A)
1650,mesh\mt0101187.vgt(A)
1651,mesh\mt0101188.vgt(A)
1652,mesh\mt0101189.vgt(A)
1653,mesh\mt0101190.vgt(A)
1654,mesh\mt0101191.vgt(A)
1655,mesh\mt0101192.vgt(A)
1656,mesh\mt0101193.vgt(A)
1657,mesh\mt0101194.vgt(A)
1658,mesh\mt0101195.vgt(A)
1659,mesh\mt0101196.vgt(A)
1660,mesh\mt0101197.vgt(A)
1661,mesh\mt0101198.vgt(A)
1662,mesh\mt0101199.vgt(A)
1663,mesh\mt0101200.vgt(A)
1664,mesh\aabarrack.vgt(A)
1665,mesh\aabarrack_b.vgt(A)
1666,mesh\aawandone.vgt(A)
1667,mesh\aawandone_b.vgt(A)
1668,mesh\aawandtwo.vgt(A)
1669,mesh\aawandtwo_b.vgt(A)
1670,mesh\aawbow.vgt(A)
1671,mesh\aawbow_b.vgt(A)
1672,mesh\aawclaw.vgt(A)
1673,mesh\aawclaw_b.vgt(A)
1674,mesh\aawhammerone.vgt(A)
1675,mesh\aawhammerone_b.vgt(A)
1676,mesh\aawhammertwo.vgt(A)
1677,mesh\aawhammertwo_b.vgt(A)
1678,mesh\aawshield.vgt(A)
1679,mesh\aawshield_b.vgt(A)
1680,mesh\aawspear.vgt(A)
1681,mesh\aawspear_b.vgt(A)
1682,mesh\aawswordone.vgt(A)
1683,mesh\aawswordone_b.vgt(A)
1684,mesh\aawswordtwo.vgt(A)
1685,mesh\aawswordtwo_b.vgt(A)
1686,mesh\aawthrow.vgt(A)
1687,mesh\aawthrow_b.vgt(A)
1688,mesh\aamythril.vgt(A)
1689,mesh\aamythril_b.vgt(A)
1690,mesh\ch010396.vgt(A)
1691,mesh\ch010397.vgt(A)
1692,mesh\ch010496.vgt(A)
1693,mesh\ch010497.vgt(A)
1694,mesh\ch010596.vgt(A)
1695,mesh\ch010597.vgt(A)
1696,mesh\ch010696.vgt(A)
1697,mesh\ch010697.vgt(A)
1698,mesh\ch020398.vgt(A)
1699,mesh\ch020399.vgt(A)
1700,mesh\ch020498.vgt(A)
1701,mesh\ch020499.vgt(A)
1702,mesh\ch020598.vgt(A)
1703,mesh\ch020599.vgt(A)
1704,mesh\ch020698.vgt(A)
1705,mesh\ch020699.vgt(A)
1706,mesh\newmtB000.vgt(A)
1707,mesh\newmtB001.vgt(A)
1708,mesh\newmtB002.vgt(A)
1709,mesh\newmtB003.vgt(A)
1710,mesh\newmtB004.vgt(A)
1711,mesh\newmtB005.vgt(A)
1712,mesh\newmtB006.vgt(A)
1713,mesh\newmtB007.vgt(A)
1714,mesh\newmtB008.vgt(A)
1715,mesh\newmtB009.vgt(A)
1716,mesh\newmtB010.vgt(A)
1717,mesh\newmtR000.vgt(A)
1718,mesh\newmtR001.vgt(A)
1719,mesh\newmtR002.vgt(A)
1720,mesh\newmtR003.vgt(A)
1721,mesh\newmtR004.vgt(A)
1722,mesh\newmtR005.vgt(A)
1723,mesh\newmtR006.vgt(A)
1724,mesh\newmtR007.vgt(A)
1725,mesh\newmtR008.vgt(A)
1726,mesh\newmtR009.vgt(A)
1727,mesh\newmtR010.vgt(A)
1728,mesh\newmtW000.vgt(A)
1729,mesh\newmtW001.vgt(A)
1730,mesh\newmtW002.vgt(A)
1731,mesh\newmtW003.vgt(A)
1732,mesh\newmtW004.vgt(A)
1733,mesh\newmtW005.vgt(A)
1734,mesh\newmtW006.vgt(A)
1735,mesh\newmtW007.vgt(A)
1736,mesh\newmtW008.vgt(A)
1737,mesh\newmtW009.vgt(A)
1738,mesh\newmtW010.vgt(A)
1739,mesh\hs010111.vgt(A)
1740,mesh\sepi10.vgt(N)
1741,mesh\ch010346.vgt(C)
1742,mesh\ch0103461.vgt(N)
1743,mesh\ch010446.vgt(C)
1744,mesh\ch0104461.vgt(N)
1745,mesh\ch010546.vgt(C)
1746,mesh\ch0105461.vgt(N)
1747,mesh\ch010646.vgt(C)
1748,mesh\ch0106461.vgt(N)
1749,mesh\ch020346.vgt(C)
1750,mesh\ch0203461.vgt(N)
1751,mesh\ch020446.vgt(C)
1752,mesh\ch0204461.vgt(N)
1753,mesh\ch020546.vgt(C)
1754,mesh\ch0205461.vgt(N)
1755,mesh\ch020646.vgt(C)
1756,mesh\ch0206461.vgt(N)
1757,mesh\ch010366.vgt(C)
1758,mesh\ch0103661.vgt(N)
1759,mesh\ch010466.vgt(C)
1760,mesh\ch0104661.vgt(N)
1761,mesh\ch010566.vgt(C)
1762,mesh\ch0105661.vgt(N)
1763,mesh\ch010666.vgt(C)
1764,mesh\ch0106661.vgt(N)
1765,mesh\ch020366.vgt(C)
1766,mesh\ch0203661.vgt(N)
1767,mesh\ch020466.vgt(C)
1768,mesh\ch0204661.vgt(N)
1769,mesh\ch020566.vgt(C)
1770,mesh\ch0205661.vgt(N)
1771,mesh\ch020666.vgt(C)
1772,mesh\ch0206661.vgt(N)
1773,mesh\jewel01.vgt(N)
1774,mesh\jewel02.vgt(N)
1775,mesh\jewel03.vgt(N)
1776,mesh\jewel04.vgt(N)
1777,mesh\jewel05.vgt(N)
1778,mesh\jewel06.vgt(N)
1779,mesh\jewelpower01.vgt(N)
1780,mesh\jewelpower02.vgt(N)
1781,mesh\jewelpower03.vgt(N)
1782,mesh\lc030101.vgt(C)
1783,mesh\bs010201.vgt(N)
1784,mesh\mega001.vgt(N)
1785,mesh\black01.vgt(N)
1786,mesh\CharmStone.vgt(A)
1787,mesh\CharmPowder.vgt(A)
1788,mesh\unisword01.vgt(C)
1789,mesh\uniswords01.vgt(C)
1790,mesh\unithrow01.vgt(C)
1791,mesh\unithrows01.vgt(C)
1792,mesh\nuispear01.vgt(C)
1793,mesh\nuispears01.vgt(C)
1794,mesh\unizenrod01.vgt(C)
1795,mesh\unizenrods01.vgt(C)
1796,mesh\uniclaw01.vgt(C)
1797,mesh\uniclaws01.vgt(C)
1798,mesh\unibow01.vgt(C)
1799,mesh\unibows01.vgt(C)
1800,mesh\uniaxe01.vgt(C)
1801,mesh\uniaxes01.vgt(C)
1802,mesh\unrunerod01.vgt(C)
1803,mesh\unrunerods01.vgt(C)
1804,mesh\unihammer01.vgt(C)
1805,mesh\unihammers01.vgt(C)
1806,mesh\unicross01.vgt(C)
1807,mesh\unicrosss01.vgt(C)
1808,mesh\unishield01.vgt(C)
1809,mesh\unishields01.vgt(C)
1810,mesh\unibeaker01.vgt(C)
1811,mesh\unibeakers01.vgt(C)
1812,mesh\swordnew1.vgt(C)
1813,mesh\Bownew1.vgt(C)
1814,mesh\Staffnew1.vgt(C)
1815,mesh\Spearnew1.vgt(C)
1816,mesh\ch010347.vgt(C)
1817,mesh\ch010447.vgt(C)
1818,mesh\ch010547.vgt(C)
1819,mesh\ch010647.vgt(C)
1820,mesh\ch010367.vgt(C)
1821,mesh\ch010467.vgt(C)
1822,mesh\ch010567.vgt(C)
1823,mesh\ch010667.vgt(C)
1824,mesh\ch020347.vgt(C)
1825,mesh\ch020447.vgt(C)
1826,mesh\ch020547.vgt(C)
1827,mesh\ch020647.vgt(C)
1828,mesh\ch020367.vgt(C)
1829,mesh\ch020467.vgt(C)
1830,mesh\ch020567.vgt(C)
1831,mesh\ch020667.vgt(C)
1832,mesh\ch020197.vgt(A)
1833,mesh\ch020297.vgt(A)
1834,mesh\ch020397.vgt(N)
1835,mesh\ch020497.vgt(A)
1836,mesh\ch020597.vgt(A)
1837,mesh\ch020697.vgt(A)
1838,mesh\ch010195.vgt(A)
1839,mesh\be010105.vgt(C)
1840,mesh\wp004.vgt(N)
1841,mesh\LB010101.vgt(C)
1842,mesh\LB010201.vgt(C)
1843,mesh\LK010101.vgt(C)
1844,mesh\LK010201.vgt(C)
1845,mesh\RedSanta.vgt(A)
1846,mesh\WhiteSanta.vgt(A)
1847,mesh\BlackPolice.vgt(A)
1848,mesh\WhitePolice.vgt(A)
1849,mesh\PurpleRudol.vgt(A)
1850,mesh\BlueRudol.vgt(A)
1851,mesh\be010106.vgt(C)
1852,mesh\DD010101.vgt(A)
1853,mesh\SpiderCos.vgt(A)
1854,mesh\hs010109.vgt(C)
1855,mesh\CP010101.vgt(A)
1856,mesh\CP010201.vgt(A)
1857,mesh\DeathCos.vgt(A)
1858,mesh\KK010101.vgt(A)
1859,mesh\hs010110.vgt(A)
1860,mesh\KK010102.vgt(A)
1861,mesh\DeathCos2.vgt(A)
1862,mesh\hs010115.vgt(C)
1863,mesh\hs010116.vgt(C)
1864,mesh\ch010199.vgt(C)
1865,mesh\ch0101100.vgt(N)
1866,mesh\ch0101101.vgt(A)
1867,mesh\mc010101.vgt(C)
1868,mesh\sc020101.vgt(C)
1869,mesh\ch0101102.vgt(C)
1870,mesh\ch0101103.vgt(C)
1871,mesh\ch0102103.vgt(C)
1872,mesh\ch0101104.vgt(C)
1873,mesh\ch0101105.vgt(A)
1874,mesh\ch0101106.vgt(C)
1875,mesh\ch0101107.vgt(C)
1876,mesh\ch0101108.vgt(C)
1877,mesh\ch0101109.vgt(C)
1878,mesh\ch0101110.vgt(C)
1879,mesh\ch0101111.vgt(A)
1880,mesh\KK010103.vgt(A)
1881,mesh\br010101.vgt(A)
1882,mesh\br010102.vgt(A)
1883,mesh\ct010101.vgt(C)
1884,mesh\ct010201.vgt(C)
1885,mesh\sp020101.vgt(C)
1886,mesh\sp020201.vgt(C)
1887,mesh\sp020301.vgt(C)
1888,mesh\mm010101.vgt(C)
1889,mesh\ph010101.vgt(C)
1890,mesh\ph010102.vgt(C)
1891,mesh\an010101.vgt(C)
1892,mesh\an010201.vgt(C)
1893,mesh\an010301.vgt(C)
1894,mesh\an010401.vgt(C)
1895,mesh\an010501.vgt(C)
1896,mesh\an020101.vgt(C)
1897,mesh\an020201.vgt(C)
1898,mesh\an020301.vgt(C)
1899,mesh\an020401.vgt(C)
1900,mesh\dw010101.vgt(C)
1901,mesh\dw010201.vgt(C)
1902,mesh\ch0101112.vgt(C)
1903,mesh\ch0101113.vgt(C)
1904,mesh\ch0101114.vgt(C)
1905,mesh\ch0101115.vgt(C)
1906,mesh\sc010103.vgt(C)
1907,mesh\tf010101.vgt(C)
1908,mesh\FRod01.vgt(N)
1909,mesh\FRod02.vgt(N)
1910,mesh\GreenPolice.vgt(N)
1911,mesh\bd020102.vgt(C)
1912,mesh\box003.vgt(N)
1913,mesh\agstone.vgt(A)
1914,mesh\hs010120.vgt(C)
1915,mesh\NXmasTree01.vgt(A)
1916,mesh\NXmasTree02.vgt(A)
1917,mesh\TRTree.vgt(N)
1918,mesh\LTree.vgt(A)
1919,mesh\ahs00200.vgt(N)
1920,mesh\ahs00201.vgt(N)
1921,mesh\ahs01200.vgt(N)
1922,mesh\ahs01201.vgt(N)
1923,mesh\jonsnow.vgt(N)
1924,mesh\jonsnow02.vgt(N)
1925,mesh\ch0101120.vgt(A)
1926,mesh\Portal01.vgt(N)
1927,mesh\Portal02.vgt(N)
1928,mesh\etc008.vgt(A)
1929,mesh\etc009.vgt(A)
1930,mesh\etc065.vgt(A)
1931,mesh\etc046.vgt(A)
1932,mesh\etc049.vgt(A)
1933,mesh\tr001.vgt(A)
1934,mesh\etc003.vgt(A)
1935,mesh\tr04.vgt(A)
1936,mesh\tr05.vgt(A)
1937,mesh\tr06.vgt(A)
1938,mesh\tr07.vgt(A)
1939,mesh\tr08.vgt(A)
1940,mesh\tr09.vgt(A)
1941,mesh\tr10.vgt(A)
1942,mesh\tr003.vgt(A)
1943,mesh\wind.vgt(N)
1944,mesh\windw.vgt(A)
1945,mesh\bd020103.vgt(C)
1946,mesh\bd020203.vgt(N)
1947,mesh\marsh01.vgt(N)
1948,mesh\marsh02.vgt(N)
1949,mesh\marsh03.vgt(N)
1950,mesh\marsh04.vgt(N)
1951,mesh\marsh05.vgt(A)
1952,mesh\marsh06.vgt(A)
1953,mesh\kawal13.vgt(N)
1954,mesh\hs010119.vgt(C)
1955,mesh\hs010319.vgt(C)
1956,mesh\marsh07.vgt(A)
1957,mesh\marsh08.vgt(N)
1958,mesh\sj01.vgt(N)
1959,mesh\sj02.vgt(N)
1960,mesh\hs010321.vgt(C)
1961,mesh\hs010121.vgt(C)
1962,mesh\hs010321.vgt(C)
1963,mesh\ch0101300.vgt(A)
1964,mesh\ch0102300.vgt(A)
1965,mesh\ch0103300.vgt(A)
1966,mesh\ch0104300.vgt(A)
1967,mesh\ch0105300.vgt(A)
1968,mesh\ch0106300.vgt(A)
1969,mesh\penny1.vgt(N)
1970,mesh\penny2.vgt(N)
1971,mesh\penny3.vgt(N)
1972,mesh\halloween.vgt(A)
1973,mesh\pennyw.vgt(N)
1974,mesh\dm030101.vgt(C)
1975,mesh\dm030102.vgt(C)
1976,mesh\dm030103.vgt(C)
1977,mesh\ch0201300.vgt(A)
1978,mesh\ch0202300.vgt(A)
1979,mesh\ch0203300.vgt(A)
1980,mesh\ch0204300.vgt(A)
1981,mesh\ch0205300.vgt(A)
1982,mesh\ch0206300.vgt(A)
1983,mesh\hs010340.vgt(A)
1984,mesh\spear20.vgt(N)
1985,mesh\axe20.vgt(A)
1986,mesh\ch0101400.vgt(C)
1987,mesh\et010103.vgt(A)
1988,mesh\rebellion.vgt(N)
1989,mesh\candy2.vgt(A)
1990,mesh\vp020103.vgt(C)
1991,mesh\wi010101.vgt(A)
1992,mesh\hs010122.vgt(C)
1993,mesh\hs010322.vgt(C)
1994,mesh\hs010123.vgt(C)
1995,mesh\hs010323.vgt(C)
1996,mesh\lichnew.vgt(A)
1997,mesh\001wyd2.vgt(N)
1998,mesh\002wyd2.vgt(N)
1999,mesh\003wyd2.vgt(N)
2000,mesh\004wyd2.vgt(N)
2001,mesh\005wyd2.vgt(N)
2002,mesh\006wyd2.vgt(N)
2003,mesh\007wyd2.vgt(N)
2004,mesh\008wyd2.vgt(N)
2005,mesh\009wyd2.vgt(N)
2006,mesh\010wyd2.vgt(N)
2007,mesh\np020101.vgt(A)
2008,mesh\spearanubis.vgt(N)
2009,mesh\np030101.vgt(C)
2010,mesh\np040101.vgt(A)
2011,mesh\an020501.vgt(C)
2012,mesh\011wyd2.vgt(A)
2013,mesh\012wyd2.vgt(A)
2014,mesh\013wyd2.vgt(A)
2015,mesh\014wyd2.vgt(A)
2016,mesh\015wyd2.vgt(A)
2017,mesh\016wyd2.vgt(A)
2018,mesh\017wyd2.vgt(A)
2019,mesh\018wyd2.vgt(A)
2020,mesh\019wyd2.vgt(A)
2021,mesh\020wyd2.vgt(A)
2022,mesh\bd020104.vgt(C)
2023,mesh\hs010124.vgt(C)
2024,mesh\hs010324.vgt(C)
2025,mesh\hs010125.vgt(C)
2026,mesh\hs010325.vgt(C)
2027,mesh\hs010126.vgt(C)
2028,mesh\hs010326.vgt(C)
2029,mesh\hs010127.vgt(C)
2030,mesh\hs010327.vgt(C)
2031,mesh\hs010128.vgt(C)
2032,mesh\hs010328.vgt(C)
2033,mesh\hs010129.vgt(C)
2034,mesh\hs010329.vgt(C)
2035,mesh\np050101.vgt(A)
2036,mesh\KK010104.vgt(N)
2037,mesh\ch020259.vgt(C)
2038,mesh\wand11.vgt(A)
2039,mesh\axe17.vgt(N)
2040,mesh\ch0101126.vgt(A)
2041,mesh\mm020101.vgt(C)
2042,mesh\wi010102.vgt(C)
2043,mesh\tg010101.vgt(C)
2044,mesh\bb030101.vgt(C)
2045,mesh\bb030102.vgt(C)
2046,mesh\ga.vgt(N)
2047,mesh\np060101.vgt(N)
2048,mesh\np070101.vgt(N)
2049,mesh\lt010101.vgt(C)
2050,mesh\hp010101.vgt(C)
2051,mesh\hp010102.vgt(C)
2052,mesh\hp020101.vgt(A)
2053,mesh\sq020101.vgt(C)
2054,mesh\sq020201.vgt(A)
2055,mesh\np090101.vgt(N)
2056,mesh\np090201.vgt(N)
2057,mesh\null.vgt(N)
2058,mesh\pg010101.vgt(C)
2059,mesh\or070101.vgt(A)
2060,mesh\null.vgt(N)
2061,mesh\null.vgt(N)
2062,mesh\ch0103200.vgt(C)
2063,mesh\ch0104200.vgt(C)
2064,mesh\ch0105200.vgt(C)
2065,mesh\ch0106200.vgt(C)
2066,mesh\hl010101.vgt(C)
2067,mesh\np080101.vgt(N)
2068,mesh\np080201.vgt(N)
2069,mesh\bt020101.vgt(C)
2070,mesh\tr0101.vgt(N)
2071,mesh\tr0201.vgt(N)
2072,mesh\tr0301.vgt(N)
2073,mesh\tr0401.vgt(N)
2074,mesh\tr0501.vgt(N)
2075,mesh\tr0601.vgt(N)
2076,mesh\tr0701.vgt(N)
2077,mesh\tr0801.vgt(N)
2078,mesh\ta01.vgt(N)
2079,mesh\th01.vgt(N)
2080,mesh\th02.vgt(N)
2081,mesh\th03.vgt(N)
2082,mesh\tm01.vgt(N)
2083,mesh\tp01.vgt(N)
2084,mesh\lv0101.vgt(A)
2085,mesh\lv0102.vgt(A)
2086,mesh\lv0103.vgt(A)
2087,mesh\lv0104.vgt(A)
2088,mesh\lv0105.vgt(A)
2089,mesh\sh01.vgt(N)
2090,mesh\ro01.vgt(N)
2091,mesh\ro02.vgt(N)
2092,mesh\ro03.vgt(N)
2093,mesh\ro04.vgt(N)
2094,mesh\cd01.vgt(N)
2095,mesh\cm01.vgt(N)
2096,mesh\cm02.vgt(N)
2097,mesh\cm03.vgt(N)
2098,mesh\cs01.vgt(N)
2099,mesh\dk01.vgt(N)
2100,mesh\fa01.vgt(N)
2101,mesh\mm01.vgt(N)
2102,mesh\om01.vgt(N)
2103,mesh\pr01.vgt(N)
2104,mesh\pt01.vgt(N)
2105,mesh\pt02.vgt(N)
2106,mesh\el01.vgt(N)
2107,mesh\el02.vgt(N)
2108,mesh\ts01.vgt(N)
2109,mesh\lv0106.vgt(A)
2110,mesh\lv0107.vgt(A)
2111,mesh\lv0108.vgt(A)
2112,mesh\lv0109.vgt(A)
2113,mesh\lv0110.vgt(A)
2114,mesh\tr0901.vgt(N)
2115,mesh\tr1001.vgt(N)
2116,mesh\tr1101.vgt(N)
2117,mesh\tr1201.vgt(A)
2118,mesh\ms01.vgt(N)
2119,mesh\ms02.vgt(N)
2120,mesh\rd01.vgt(N)
2121,mesh\ro05.vgt(N)
2122,mesh\ro06.vgt(N)
2123,mesh\ro07.vgt(N)
2124,mesh\ro08.vgt(N)
2125,mesh\ro09.vgt(N)
2126,mesh\tt01.vgt(N)
2127,mesh\wp01.vgt(A)
2128,mesh\wb01.vgt(N)
2129,mesh\w001.vgt(N)
2130,mesh\bd01.vgt(N)
2131,mesh\bs01.vgt(N)
2132,mesh\ca01.vgt(N)
2133,mesh\cf01.vgt(N)
2134,mesh\ch02.vgt(N)
2135,mesh\ch04.vgt(N)
2136,mesh\cn01.vgt(N)
2137,mesh\cn03.vgt(N)
2138,mesh\cp01.vgt(N)
2139,mesh\go01.vgt(N)
2140,mesh\gv01.vgt(N)
2141,mesh\li01.vgt(N)
2142,mesh\pi01.vgt(N)
2143,mesh\pn01.vgt(N)
2144,mesh\po01.vgt(N)
2145,mesh\ro10.vgt(N)
2146,mesh\sg01.vgt(N)
2147,mesh\st01.vgt(N)
2148,mesh\st02.vgt(N)
2149,mesh\st03.vgt(N)
2150,mesh\st04.vgt(N)
2151,mesh\su01.vgt(N)
2152,mesh\te01.vgt(N)
2153,mesh\tn01.vgt(N)
2154,mesh\to01.vgt(N)
2155,mesh\wa01.vgt(N)
2156,mesh\wa02.vgt(N)
2157,mesh\egt001.vgt(N)
2158,mesh\egt002.vgt(N)
2159,mesh\egt003.vgt(N)
2160,mesh\egt004.vgt(N)
2161,mesh\egt005.vgt(N)
2162,mesh\egt006.vgt(N)
2163,mesh\egt007.vgt(N)
2164,mesh\egt008.vgt(N)
2165,mesh\egt009.vgt(N)
2166,mesh\egt010.vgt(N)
2167,mesh\egt011.vgt(N)
2168,mesh\egt012.vgt(N)
2169,mesh\egt013.vgt(N)
2170,mesh\egt014.vgt(N)
2171,mesh\egt015.vgt(N)
2172,mesh\egt016.vgt(N)
2173,mesh\egt017.vgt(N)
2174,mesh\egt018.vgt(N)
2175,mesh\egt019.vgt(N)
2176,mesh\egt020.vgt(N)
2177,mesh\egt021.vgt(N)
2178,mesh\egt022.vgt(N)
2179,mesh\egt023.vgt(N)
2180,mesh\egt024.vgt(N)
2181,mesh\hell002.vgt(N)
2182,NULL(N)
2183,NULL(N)
2184,NULL(N)
2185,NULL(N)
2186,NULL(N)
2187,NULL(N)
2188,mesh\twp012.vgt(N)
2189,mesh\twp013.vgt(N)
2190,mesh\crt001.vgt(N)
2191,mesh\crt002.vgt(N)
2192,mesh\crt003.vgt(N)
2193,mesh\crt004.vgt(A)
2194,mesh\crt005.vgt(N)
2195,mesh\crt006.vgt(N)
2196,mesh\crt007.vgt(N)
2197,mesh\crt008.vgt(A)
2198,mesh\wwp001.vgt(C)
2199,mesh\wwp002.vgt(C)
2200,mesh\wwp003.vgt(C)
2201,mesh\wwp004.vgt(C)
2202,mesh\wwp005.vgt(C)
2203,mesh\wwp006.vgt(C)
2204,mesh\wwp007.vgt(C)
2205,mesh\wwp008.vgt(C)
2206,mesh\wwp009.vgt(C)
2207,mesh\wwp010.vgt(C)
2208,mesh\wwp011.vgt(C)
2209,mesh\wwp012.vgt(C)
2210,mesh\wwp013.vgt(C)
2211,mesh\wwp014.vgt(C)
2212,mesh\lwp001.vgt(C)
2213,mesh\lwp002.vgt(C)
2214,mesh\lwp003.vgt(C)
2215,mesh\lwp004.vgt(C)
2216,mesh\lwp005.vgt(C)
2217,mesh\lwp006.vgt(C)
2218,mesh\lwp007.vgt(C)
2219,NULL(N)
2220,mesh\jwp001.vgt(C)
2221,mesh\jwp002.vgt(C)
2222,mesh\jwp003.vgt(C)
2223,mesh\jwp004.vgt(C)
2224,mesh\jwp005.vgt(C)
2225,mesh\jwp006.vgt(C)
2226,mesh\jwp007.vgt(C)
2227,mesh\jwp008.vgt(C)
2228,mesh\jwp009.vgt(C)
2229,mesh\jwp010.vgt(C)
2230,mesh\jwp011.vgt(C)
2231,mesh\jwp012.vgt(C)
2232,mesh\gwp001.vgt(C)
2233,mesh\gwp002.vgt(C)
2234,mesh\gwp003.vgt(C)
2235,mesh\gwp004.vgt(C)
2236,mesh\gwp005.vgt(C)
2237,mesh\gwp006.vgt(C)
2238,mesh\gwp007.vgt(C)
2239,mesh\gwp008.vgt(C)
2240,mesh\gwp009.vgt(C)
2241,mesh\gwp010.vgt(C)
2242,mesh\gwp011.vgt(C)
2243,mesh\gwp012.vgt(C)
2244,mesh\wi010103.vgt(C)
2245,mesh\wi010104.vgt(C)
2246,mesh\wi010105.vgt(C)
2247,mesh\wi010106.vgt(C)
2248,mesh\wi010107.vgt(C)
2249,mesh\wi010108.vgt(C)
2250,mesh\wi010109.vgt(C)
2251,mesh\wi010110.vgt(C)
2252,mesh\wi010111.vgt(C)
2253,mesh\wi010112.vgt(C)
2254,mesh\wi010113.vgt(C)
2255,mesh\wi010114.vgt(C)
2256,mesh\wi010115.vgt(C)
2257,mesh\hell001.vgt(N)
2258,NULL(N)
2259,NULL(N)
2260,NULL(N)
2261,NULL(N)
2262,NULL(N)
2263,NULL(N)
2264,NULL(N)
2265,NULL(N)
2266,NULL(N)
2267,NULL(N)
2268,NULL(N)
2269,NULL(N)
2270,NULL(N)
2271,NULL(N)
2272,NULL(N)
2273,NULL(N)
2274,NULL(N)
2275,NULL(N)
2276,NULL(N)
2277,NULL(N)
2278,NULL(N)
2279,NULL(N)
2280,NULL(N)
2281,NULL(N)
2282,NULL(N)
2283,NULL(N)
2284,NULL(N)
2285,NULL(N)
2286,NULL(N)
2287,NULL(N)
2288,NULL(N)
2289,NULL(N)
2290,NULL(N)
2291,NULL(N)
2292,NULL(N)
2293,NULL(N)
2294,NULL(N)
2295,NULL(N)
2296,NULL(N)
2297,NULL(N)
2298,NULL(N)
2299,NULL(N)
2300,NULL(N)
2301,NULL(N)
2302,NULL(N)
2303,NULL(N)
2304,NULL(N)
2305,NULL(N)
2306,NULL(N)
2307,NULL(N)
2308,NULL(N)
2309,NULL(N)
2310,NULL(N)
2311,NULL(N)
2312,NULL(N)
2313,NULL(N)
2314,NULL(N)
2315,NULL(N)
2316,NULL(N)
2317,NULL(N)
2318,NULL(N)
2319,NULL(N)
2320,NULL(N)
2321,NULL(N)
2322,NULL(N)
2323,NULL(N)
2324,NULL(N)
2325,NULL(N)
2326,NULL(N)
2327,NULL(N)
2328,NULL(N)
2329,NULL(N)
2330,NULL(N)
2331,NULL(N)
2332,NULL(N)
2333,NULL(N)
2334,NULL(N)
2335,NULL(N)
2336,NULL(N)
2337,NULL(N)
2338,NULL(N)
2339,NULL(N)
2340,NULL(N)
2341,NULL(N)
2342,NULL(N)
2343,NULL(N)
2344,NULL(N)
2345,NULL(N)
2346,NULL(N)
2347,NULL(N)
2348,NULL(N)
2349,NULL(N)
2350,NULL(N)
2351,NULL(N)
2352,NULL(N)
2353,NULL(N)
2354,NULL(N)
2355,NULL(N)
2356,NULL(N)
2357,NULL(N)
2358,NULL(N)
2359,NULL(N)
2360,NULL(N)
2361,NULL(N)
2362,NULL(N)
2363,NULL(N)
2364,NULL(N)
2365,NULL(N)
2366,NULL(N)
2367,NULL(N)
2368,NULL(N)
2369,NULL(N)
2370,NULL(N)
2371,NULL(N)
2372,NULL(N)
2373,NULL(N)
2374,NULL(N)
2375,NULL(N)
2376,NULL(N)
2377,NULL(N)
2378,NULL(N)
2379,NULL(N)
2380,NULL(N)
2381,NULL(N)
2382,NULL(N)
2383,NULL(N)
2384,NULL(N)
2385,NULL(N)
2386,NULL(N)
2387,NULL(N)
2388,NULL(N)
2389,NULL(N)
2390,NULL(N)
2391,NULL(N)
2392,NULL(N)
2393,NULL(N)
2394,NULL(N)
2395,NULL(N)
2396,NULL(N)
2397,NULL(N)
2398,NULL(N)
2399,NULL(N)
2400,NULL(N)
2401,NULL(N)
2402,NULL(N)
2403,NULL(N)
2404,NULL(N)
2405,NULL(N)
2406,NULL(N)
2407,NULL(N)
2408,NULL(N)
2409,NULL(N)
2410,NULL(N)
2411,NULL(N)
2412,NULL(N)
2413,NULL(N)
2414,NULL(N)
2415,NULL(N)
2416,NULL(N)
2417,NULL(N)
2418,NULL(N)
2419,NULL(N)
2420,NULL(N)
2421,NULL(N)
2422,NULL(N)
2423,NULL(N)
2424,NULL(N)
2425,NULL(N)
2426,NULL(N)
2427,NULL(N)
2428,NULL(N)
2429,NULL(N)
2430,NULL(N)
2431,NULL(N)
2432,NULL(N)
2433,NULL(N)
2434,NULL(N)
2435,NULL(N)
2436,NULL(N)
2437,NULL(N)
2438,NULL(N)
2439,NULL(N)
2440,NULL(N)
2441,NULL(N)
2442,NULL(N)
2443,NULL(N)
2444,NULL(N)
2445,NULL(N)
2446,NULL(N)
2447,NULL(N)
2448,NULL(N)
2449,NULL(N)
2450,NULL(N)
2451,NULL(N)
2452,NULL(N)
2453,NULL(N)
2454,NULL(N)
2455,NULL(N)
2456,NULL(N)
2457,NULL(N)
2458,NULL(N)
2459,NULL(N)
2460,NULL(N)
2461,NULL(N)
2462,NULL(N)
2463,NULL(N)
2464,NULL(N)
2465,NULL(N)
2466,NULL(N)
2467,NULL(N)
2468,NULL(N)
2469,NULL(N)
2470,NULL(N)
2471,NULL(N)
2472,NULL(N)
2473,NULL(N)
2474,NULL(N)
2475,NULL(N)
2476,NULL(N)
2477,NULL(N)
2478,NULL(N)
2479,NULL(N)
2480,NULL(N)
2481,NULL(N)
2482,NULL(N)
2483,NULL(N)
2484,NULL(N)
2485,NULL(N)
2486,NULL(N)
2487,NULL(N)
2488,NULL(N)
2489,NULL(N)
2490,NULL(N)
2491,NULL(N)
2492,NULL(N)
2493,NULL(N)
2494,NULL(N)
2495,NULL(N)
2496,NULL(N)
2497,NULL(N)
2498,NULL(N)
2499,NULL(N)
2500,NULL(N)
2501,NULL(N)
2502,NULL(N)
2503,NULL(N)
2504,NULL(N)
2505,NULL(N)
2506,NULL(N)
2507,NULL(N)
2508,NULL(N)
2509,NULL(N)
2510,NULL(N)
2511,NULL(N)
2512,NULL(N)
2513,NULL(N)
2514,NULL(N)
2515,NULL(N)
2516,NULL(N)
2517,NULL(N)
2518,NULL(N)
2519,NULL(N)
2520,NULL(N)
2521,NULL(N)
2522,NULL(N)
2523,NULL(N)
2524,NULL(N)
2525,NULL(N)
2526,NULL(N)
2527,NULL(N)
2528,NULL(N)
2529,NULL(N)
2530,NULL(N)
2531,NULL(N)
2532,NULL(N)
2533,NULL(N)
2534,NULL(N)
2535,NULL(N)
2536,NULL(N)
2537,NULL(N)
2538,NULL(N)
2539,NULL(N)
2540,NULL(N)
2541,NULL(N)
2542,NULL(N)
2543,NULL(N)
2544,NULL(N)
2545,NULL(N)
2546,NULL(N)
2547,NULL(N)
2548,NULL(N)
2549,NULL(N)
2550,NULL(N)
2551,NULL(N)
2552,NULL(N)
2553,NULL(N)
2554,NULL(N)
2555,NULL(N)
2556,NULL(N)
2557,NULL(N)
2558,NULL(N)
2559,NULL(N)
2560,NULL(N)
2561,NULL(N)
2562,NULL(N)
2563,NULL(N)
2564,NULL(N)
2565,NULL(N)
2566,NULL(N)
2567,NULL(N)
2568,NULL(N)
2569,NULL(N)
2570,NULL(N)
2571,NULL(N)
2572,NULL(N)
2573,NULL(N)
2574,NULL(N)
2575,NULL(N)
2576,NULL(N)
2577,NULL(N)
2578,NULL(N)
2579,NULL(N)
2580,NULL(N)
2581,NULL(N)
2582,NULL(N)
2583,NULL(N)
2584,NULL(N)
2585,NULL(N)
2586,NULL(N)
2587,NULL(N)
2588,NULL(N)
2589,NULL(N)
2590,NULL(N)
2591,NULL(N)
2592,NULL(N)
2593,NULL(N)
2594,NULL(N)
2595,NULL(N)
2596,NULL(N)
2597,NULL(N)
2598,NULL(N)
2599,NULL(N)
2600,NULL(N)
2601,NULL(N)
2602,NULL(N)
2603,NULL(N)
2604,NULL(N)
2605,NULL(N)
2606,NULL(N)
2607,NULL(N)
2608,NULL(N)
2609,NULL(N)
2610,NULL(N)
2611,NULL(N)
2612,NULL(N)
2613,NULL(N)
2614,NULL(N)
2615,NULL(N)
2616,NULL(N)
2617,NULL(N)
2618,NULL(N)
2619,NULL(N)
2620,NULL(N)
2621,NULL(N)
2622,NULL(N)
2623,NULL(N)
2624,NULL(N)
2625,NULL(N)
2626,NULL(N)
2627,NULL(N)
2628,NULL(N)
2629,NULL(N)
2630,NULL(N)
2631,NULL(N)
2632,NULL(N)
2633,NULL(N)
2634,NULL(N)
2635,NULL(N)
2636,NULL(N)
2637,NULL(N)
2638,NULL(N)
2639,NULL(N)
2640,NULL(N)
2641,NULL(N)
2642,NULL(N)
2643,NULL(N)
2644,NULL(N)
2645,NULL(N)
2646,NULL(N)
2647,NULL(N)
2648,NULL(N)
2649,NULL(N)
2650,NULL(N)
2651,NULL(N)
2652,NULL(N)
2653,NULL(N)
2654,NULL(N)
2655,NULL(N)
2656,NULL(N)
2657,NULL(N)
2658,NULL(N)
2659,NULL(N)
2660,NULL(N)
2661,NULL(N)
2662,NULL(N)
2663,NULL(N)
2664,NULL(N)
2665,NULL(N)
2666,NULL(N)
2667,NULL(N)
2668,NULL(N)
2669,NULL(N)
2670,NULL(N)
2671,NULL(N)
2672,NULL(N)
2673,NULL(N)
2674,NULL(N)
2675,NULL(N)
2676,NULL(N)
2677,NULL(N)
2678,NULL(N)
2679,NULL(N)
2680,NULL(N)
2681,NULL(N)
2682,NULL(N)
2683,NULL(N)
2684,NULL(N)
2685,NULL(N)
2686,NULL(N)
2687,NULL(N)
2688,NULL(N)
2689,NULL(N)
2690,NULL(N)
2691,NULL(N)
2692,NULL(N)
2693,NULL(N)
2694,NULL(N)
2695,NULL(N)
2696,NULL(N)
2697,NULL(N)
2698,NULL(N)
2699,NULL(N)
2700,NULL(N)
2701,NULL(N)
2702,NULL(N)
2703,NULL(N)
2704,NULL(N)
2705,NULL(N)
2706,NULL(N)
2707,NULL(N)
2708,NULL(N)
2709,NULL(N)
2710,NULL(N)
2711,NULL(N)
2712,NULL(N)
2713,NULL(N)
2714,NULL(N)
2715,NULL(N)
2716,NULL(N)
2717,NULL(N)
2718,NULL(N)
2719,NULL(N)
2720,NULL(N)
2721,NULL(N)
2722,NULL(N)
2723,NULL(N)
2724,NULL(N)
2725,NULL(N)
2726,NULL(N)
2727,NULL(N)
2728,NULL(N)
2729,NULL(N)
2730,NULL(N)
2731,NULL(N)
2732,NULL(N)
2733,NULL(N)
2734,NULL(N)
2735,NULL(N)
2736,NULL(N)
2737,NULL(N)
2738,NULL(N)
2739,NULL(N)
2740,NULL(N)
2741,NULL(N)
2742,NULL(N)
2743,NULL(N)
2744,NULL(N)
2745,NULL(N)
2746,NULL(N)
2747,NULL(N)
2748,NULL(N)
2749,NULL(N)
2750,NULL(N)
2751,NULL(N)
2752,NULL(N)
2753,NULL(N)
2754,NULL(N)
2755,NULL(N)
2756,NULL(N)
2757,NULL(N)
2758,NULL(N)
2759,NULL(N)
2760,NULL(N)
2761,NULL(N)
2762,NULL(N)
2763,NULL(N)
2764,NULL(N)
2765,NULL(N)
2766,NULL(N)
2767,NULL(N)
2768,NULL(N)
2769,NULL(N)
2770,NULL(N)
2771,NULL(N)
2772,NULL(N)
2773,NULL(N)
2774,NULL(N)
2775,NULL(N)
2776,NULL(N)
2777,NULL(N)
2778,NULL(N)
2779,NULL(N)
2780,NULL(N)
2781,NULL(N)
2782,NULL(N)
2783,NULL(N)
2784,NULL(N)
2785,NULL(N)
2786,NULL(N)
2787,NULL(N)
2788,NULL(N)
2789,NULL(N)
2790,NULL(N)
2791,NULL(N)
2792,NULL(N)
2793,NULL(N)
2794,NULL(N)
2795,NULL(N)
2796,NULL(N)
2797,NULL(N)
2798,NULL(N)
2799,NULL(N)
2800,NULL(N)
2801,NULL(N)
2802,NULL(N)
2803,NULL(N)
2804,NULL(N)
2805,NULL(N)
2806,NULL(N)
2807,NULL(N)
2808,NULL(N)
2809,NULL(N)
2810,NULL(N)
2811,NULL(N)
2812,NULL(N)
2813,NULL(N)
2814,NULL(N)
2815,NULL(N)
2816,NULL(N)
2817,NULL(N)
2818,NULL(N)
2819,NULL(N)
2820,NULL(N)
2821,NULL(N)
2822,NULL(N)
2823,NULL(N)
2824,NULL(N)
2825,NULL(N)
2826,NULL(N)
2827,NULL(N)
2828,NULL(N)
2829,NULL(N)
2830,NULL(N)
2831,NULL(N)
2832,NULL(N)
2833,NULL(N)
2834,NULL(N)
2835,NULL(N)
2836,NULL(N)
2837,NULL(N)
2838,NULL(N)
2839,NULL(N)
2840,NULL(N)
2841,NULL(N)
2842,NULL(N)
2843,NULL(N)
2844,NULL(N)
2845,NULL(N)
2846,NULL(N)
2847,NULL(N)
2848,NULL(N)
2849,NULL(N)
2850,NULL(N)
2851,NULL(N)
2852,NULL(N)
2853,NULL(N)
2854,NULL(N)
2855,NULL(N)
2856,NULL(N)
2857,NULL(N)
2858,NULL(N)
2859,NULL(N)
2860,NULL(N)
2861,NULL(N)
2862,NULL(N)
2863,NULL(N)
2864,NULL(N)
2865,NULL(N)
2866,NULL(N)
2867,NULL(N)
2868,NULL(N)
2869,NULL(N)
2870,NULL(N)
2871,NULL(N)
2872,NULL(N)
2873,NULL(N)
2874,NULL(N)
2875,NULL(N)
2876,NULL(N)
2877,NULL(N)
2878,NULL(N)
2879,NULL(N)
2880,NULL(N)
2881,NULL(N)
2882,NULL(N)
2883,NULL(N)
2884,NULL(N)
2885,NULL(N)
2886,NULL(N)
2887,NULL(N)
2888,NULL(N)
2889,NULL(N)
2890,NULL(N)
2891,NULL(N)
2892,NULL(N)
2893,NULL(N)
2894,NULL(N)
2895,NULL(N)
2896,NULL(N)
2897,NULL(N)
2898,NULL(N)
2899,NULL(N)
2900,NULL(N)
2901,NULL(N)
2902,NULL(N)
2903,NULL(N)
2904,NULL(N)
2905,NULL(N)
2906,NULL(N)
2907,NULL(N)
2908,NULL(N)
2909,NULL(N)
2910,NULL(N)
2911,NULL(N)
2912,NULL(N)
2913,NULL(N)
2914,NULL(N)
2915,NULL(N)
2916,NULL(N)
2917,NULL(N)
2918,NULL(N)
2919,NULL(N)
2920,NULL(N)
2921,NULL(N)
2922,NULL(N)
2923,NULL(N)
2924,NULL(N)
2925,NULL(N)
2926,NULL(N)
2927,NULL(N)
2928,NULL(N)
2929,NULL(N)
2930,NULL(N)
2931,NULL(N)
2932,NULL(N)
2933,NULL(N)
2934,NULL(N)
2935,NULL(N)
2936,NULL(N)
2937,NULL(N)
2938,NULL(N)
2939,NULL(N)
2940,NULL(N)
2941,NULL(N)
2942,NULL(N)
2943,NULL(N)
2944,NULL(N)
2945,NULL(N)
2946,NULL(N)
2947,NULL(N)
2948,NULL(N)
2949,NULL(N)
2950,NULL(N)
2951,NULL(N)
2952,NULL(N)
2953,NULL(N)
2954,NULL(N)
2955,NULL(N)
2956,NULL(N)
2957,NULL(N)
2958,NULL(N)
2959,NULL(N)
2960,NULL(N)
2961,NULL(N)
2962,NULL(N)
2963,NULL(N)
2964,NULL(N)
2965,NULL(N)
2966,NULL(N)
2967,NULL(N)
2968,NULL(N)
2969,NULL(N)
2970,NULL(N)
2971,NULL(N)
2972,NULL(N)
2973,NULL(N)
2974,NULL(N)
2975,NULL(N)
2976,NULL(N)
2977,NULL(N)
2978,NULL(N)
2979,NULL(N)
2980,NULL(N)
2981,NULL(N)
2982,NULL(N)
2983,NULL(N)
2984,NULL(N)
2985,NULL(N)
2986,NULL(N)
2987,NULL(N)
2988,NULL(N)
2989,NULL(N)
2990,NULL(N)
2991,NULL(N)
2992,NULL(N)
2993,NULL(N)
2994,NULL(N)
2995,NULL(N)
2996,NULL(N)
2997,NULL(N)
2998,NULL(N)
2999,NULL(N)
3000,NULL(N)
3001,NULL(N)
3002,NULL(N)
3003,NULL(N)
3004,NULL(N)
3005,NULL(N)
3006,NULL(N)
3007,NULL(N)
3008,NULL(N)
3009,NULL(N)
3010,NULL(N)
3011,NULL(N)
3012,NULL(N)
3013,NULL(N)
3014,NULL(N)
3015,NULL(N)
3016,NULL(N)
3017,NULL(N)
3018,NULL(N)
3019,NULL(N)
3020,NULL(N)
3021,NULL(N)
3022,NULL(N)
3023,NULL(N)
3024,NULL(N)
3025,NULL(N)
3026,NULL(N)
3027,NULL(N)
3028,NULL(N)
3029,NULL(N)
3030,NULL(N)
3031,NULL(N)
3032,NULL(N)
3033,NULL(N)
3034,NULL(N)
3035,NULL(N)
3036,NULL(N)
3037,NULL(N)
3038,NULL(N)
3039,NULL(N)
3040,NULL(N)
3041,NULL(N)
3042,NULL(N)
3043,NULL(N)
3044,NULL(N)
3045,NULL(N)
3046,NULL(N)
3047,NULL(N)
3048,NULL(N)
3049,NULL(N)
3050,NULL(N)
3051,NULL(N)
3052,NULL(N)
3053,NULL(N)
3054,NULL(N)
3055,NULL(N)
3056,NULL(N)
3057,NULL(N)
3058,NULL(N)
3059,NULL(N)
3060,NULL(N)
3061,NULL(N)
3062,NULL(N)
3063,NULL(N)
3064,NULL(N)
3065,NULL(N)
3066,NULL(N)
3067,NULL(N)
3068,NULL(N)
3069,NULL(N)
3070,NULL(N)
3071,NULL(N)
3072,NULL(N)
3073,NULL(N)
3074,NULL(N)
3075,NULL(N)
3076,NULL(N)
3077,NULL(N)
3078,NULL(N)
3079,NULL(N)
3080,NULL(N)
3081,NULL(N)
3082,NULL(N)
3083,NULL(N)
3084,NULL(N)
3085,NULL(N)
3086,NULL(N)
3087,NULL(N)
3088,NULL(N)
3089,NULL(N)
3090,NULL(N)
3091,NULL(N)
3092,NULL(N)
3093,NULL(N)
3094,NULL(N)
3095,NULL(N)
3096,NULL(N)
